{
  "T0": 10.0,
  "sigma": 1e-05,
  "n_chains": 10,
  "n_iter": 250000,
  "burn_in": 50000,
  "n_workers": 32,
  "wall_time_sec": 472.66048120707273,
  "wall_time_per_iter_sec": 0.001890641924828291,
  "final_mse": 595.1490645974609,
  "chain_mse_mean": 598.7974422383088,
  "chain_mse_std": 3.9155306116974153,
  "center_of_mass": [
    0.240695415843178,
    4.314246412778859,
    0.19571451882086088,
    3.9112264192880524,
    0.2726556668652772,
    4.673120900782582,
    0.2099744206117907,
    4.198193779691416,
    0.22251695151779752,
    4.210807555901682,
    0.20345455646864008,
    4.5531831746490985,
    0.17197447036025673,
    4.185178506149186,
    0.14113742900879145,
    3.9147287615787634,
    0.2239274980457567,
    4.723705172107435,
    0.17432489730815257,
    4.32691860646452
  ],
  "has_numba": true
}