{
  "T0": 0.5,
  "sigma": 1e-06,
  "n_chains": 10,
  "n_iter": 250000,
  "burn_in": 200000,
  "n_workers": 32,
  "wall_time_sec": 490.4120551608503,
  "wall_time_per_iter_sec": 0.001961648220643401,
  "final_mse": 562.4015056705334,
  "chain_mse_mean": 563.3519232347542,
  "chain_mse_std": 0.5708058700025265,
  "center_of_mass": [
    1878.4721821456635,
    1889.4687928683263,
    1901.6781585570411,
    1913.4768606083446,
    1923.1657847323263,
    1933.6806296007105,
    1943.9380116553928,
    1954.2854966407533,
    1964.1575183384446,
    1976.3066998677525,
    0.2652553398667377,
    0.22696615416283342,
    0.28267122902688163,
    0.21440429356887572,
    0.241409436583534,
    0.20088233632849598,
    0.1772735334666436,
    0.1394720477074325,
    0.2509287242306899,
    0.16758668810659003,
    4.6902209058114215,
    4.435396065767006,
    4.845411007204081,
    4.28229972361117,
    4.518027021726811,
    4.515992588453811,
    4.295343702066427,
    3.8811120776586994,
    5.19891251634515,
    4.199155785058783
  ],
  "has_numba": true,
  "n_total_samples": 500000,
  "avg_iter_time_sec": 0.0019270849119871856,
  "std_iter_time_sec": 8.787376410260147e-05,
  "min_iter_time_sec": 0.001891646534204483,
  "max_iter_time_sec": 0.005845315754413605
}