{
  "T0": 0.5,
  "sigma": 1e-06,
  "n_chains": 10,
  "n_iter": 250000,
  "burn_in": 200000,
  "n_workers": 32,
  "wall_time_sec": 523.4394398517907,
  "wall_time_per_iter_sec": 0.0020937577594071625,
  "final_mse": 10133.064677610768,
  "chain_mse_mean": 9820.676022783542,
  "chain_mse_std": 2156.8224245051815,
  "center_of_mass": [
    1858.1225652495243,
    1894.0128670841223,
    1899.3083163965662,
    1909.585760984864,
    1922.446018162506,
    1923.2428778646693,
    1920.483179404929,
    1946.2522060345145,
    1984.8560668297491,
    1979.2378886533133,
    0.2749116561023814,
    0.28758371290265183,
    0.3081859914329731,
    0.2671306968751656,
    0.2838429109243503,
    0.3313885900297667,
    0.2825603384204847,
    0.2740765643088433,
    0.27641869458613116,
    0.2833980419308669,
    5.062406655015443,
    4.9065420418987085,
    4.978475034018717,
    5.0480038245870364,
    4.982453218953502,
    6.140814591092455,
    4.926823783250174,
    4.804737946557303,
    4.929017167980537,
    4.91625245250234
  ],
  "has_numba": true,
  "avg_iter_time_sec": 0.0020037237975746394,
  "std_iter_time_sec": 0.00013944936408413468,
  "min_iter_time_sec": 0.0018146149814128876,
  "max_iter_time_sec": 0.00687413290143013
}