{
  "T0": 0.5,
  "sigma": 1e-06,
  "n_chains": 10,
  "n_iter": 250000,
  "burn_in": 200000,
  "n_workers": 32,
  "wall_time_sec": 486.67589420080185,
  "wall_time_per_iter_sec": 0.0019467035768032073,
  "final_mse": 11614.996087318437,
  "chain_mse_mean": 9197.660526657104,
  "chain_mse_std": 2005.3106450260861,
  "center_of_mass": [
    1858.3977953231836,
    1918.8276697753558,
    1897.1041955388682,
    1891.4761517140844,
    1934.8690481321446,
    1931.9884441398567,
    1907.1784968106003,
    1918.8506511681803,
    1968.8595143668822,
    1957.9118225827551,
    0.43251785778046586,
    0.6288629132273399,
    0.29591774433733575,
    0.39550656201055345,
    0.26059532833445676,
    0.11392176750209396,
    0.3525476036779085,
    0.27685967793159294,
    0.2843184616789855,
    0.24656205994727354,
    8.933111205054214,
    6.55248045058828,
    4.668475897119125,
    9.32437616261875,
    5.687064091761371,
    4.859256021284557,
    4.851482734918827,
    6.218575387083322,
    6.14357429688492,
    5.04983679805174
  ],
  "has_numba": true,
  "avg_iter_time_sec": 0.0017916637275367975,
  "std_iter_time_sec": 0.00011423433120096703,
  "min_iter_time_sec": 0.0016688480973243713,
  "max_iter_time_sec": 0.005444973707199097
}