{
  "T0": 10.0,
  "sigma": 1e-05,
  "n_chains": 10,
  "n_iter": 250000,
  "burn_in": 50000,
  "n_workers": 32,
  "wall_time_sec": 469.37345054373145,
  "wall_time_per_iter_sec": 0.0018774938021749257,
  "final_mse": 11785.835181941036,
  "chain_mse_mean": 9842.519746626545,
  "chain_mse_std": 1468.960588379276,
  "center_of_mass": [
    1869.75525246295,
    1932.7765687810104,
    1907.8775013601364,
    1902.09648420684,
    1944.9587097279625,
    1942.6228963021172,
    1916.8133523386016,
    1928.5995347099447,
    1980.4733293684985,
    1968.0279615181728,
    0.03220379581781221,
    0.3778116612976331,
    0.3159405492491626,
    0.38649839074055203,
    0.4565296481832696,
    0.04353835399177634,
    0.2727683804266679,
    0.33533068557478113,
    0.009420037131426183,
    0.17473518637643376,
    5.3009659359080885,
    8.38119411867552,
    5.047966168488662,
    5.334898450722767,
    6.652876734196606,
    4.791582731265609,
    5.026070946678481,
    4.053409021877728,
    5.404847190383267,
    5.318187738205872
  ],
  "has_numba": true
}