{
  "T0": 0.5,
  "sigma": 1e-06,
  "n_chains": 10,
  "n_iter": 250000,
  "burn_in": 50000,
  "n_workers": 8,
  "wall_time_sec": 781.1202980279922,
  "wall_time_per_iter_sec": 0.003124481192111969,
  "final_mse": 11413.04311143853,
  "chain_mse_mean": 9535.230467538768,
  "chain_mse_std": 1647.168125949389,
  "center_of_mass": [
    1869.7887768966648,
    1932.4586630570775,
    1907.7060369545234,
    1902.13802723887,
    1944.6578554379234,
    1942.4210851919684,
    1916.8555979063872,
    1928.6910735102235,
    1980.9242701563962,
    1968.042623592369,
    0.2193644979062847,
    0.5396095333622744,
    0.3052764827759335,
    0.3268527457607128,
    0.3892020190465485,
    0.26988548880705865,
    0.33685927267202753,
    0.24822672227791234,
    0.2035522137929157,
    0.24245812334058914,
    4.994158930817991,
    9.413413728467173,
    5.368199387120773,
    5.683080897861499,
    6.979044721865232,
    4.861753589085723,
    4.9462475092325935,
    4.753031910555145,
    5.407074817222218,
    5.033369545370629
  ],
  "has_numba": true,
  "avg_iter_time_sec": 0.0016817417785525322,
  "std_iter_time_sec": 0.00011967506200640002,
  "min_iter_time_sec": 0.0015054121613502502,
  "max_iter_time_sec": 0.004494767636060715
}