{
  "T0": 0.5,
  "sigma": 1e-06,
  "n_chains": 64,
  "n_iter": 500000,
  "burn_in": 400000,
  "n_workers": 32,
  "wall_time_sec": 2169.7602143399417,
  "wall_time_per_iter_sec": 0.004339520428679884,
  "final_mse": 10288.524545639057,
  "chain_mse_mean": 1260789.334341828,
  "chain_mse_std": 9899771.347530195,
  "center_of_mass": [
    1880.142584566442,
    1886.7220229778382,
    1919.7112870976534,
    1923.8065307083773,
    1938.895293595895,
    1912.5034815801664,
    1942.8034251256347,
    1918.1178577015298,
    1983.948995550449,
    2005.7151716947178,
    0.3995369473941256,
    0.5230471511929725,
    0.35759354560446216,
    0.47542634012068946,
    0.314732969144975,
    0.20188347614345784,
    0.3213441945401957,
    0.25008877137871155,
    0.36861086723361336,
    0.32209533607809004,
    8.294362471807089,
    8.71309629340412,
    8.630157582398915,
    7.6179583895304575,
    5.699123718712265,
    5.379910649076673,
    4.955169194576216,
    5.201438335819885,
    5.310305371816631,
    5.017315411925404
  ],
  "has_numba": true,
  "avg_iter_time_sec": 0.00199440543318633,
  "std_iter_time_sec": 0.00015477902254435816,
  "min_iter_time_sec": 0.0016993582248687744,
  "max_iter_time_sec": 0.006169956177473068
}