{
  "T0": 0.5,
  "sigma": 1e-06,
  "n_chains": 96,
  "n_iter": 500000,
  "burn_in": 400000,
  "n_workers": 32,
  "wall_time_sec": 3199.7597152478993,
  "wall_time_per_iter_sec": 0.006399519430495799,
  "final_mse": 10642.26957225413,
  "chain_mse_mean": 1000007719.2774509,
  "chain_mse_std": 9738564485.559162,
  "center_of_mass": [
    1886.8664099146743,
    1897.9864181508462,
    1916.5880839377924,
    1926.639473621085,
    1927.7315835892168,
    1920.5943257280524,
    1939.922684128959,
    1932.2570186836501,
    1983.2891106315174,
    1987.3611141243139,
    0.48652265414940815,
    0.5425848486201543,
    0.40048728660803096,
    0.4140577028727633,
    0.35673285919833025,
    0.2524109210022275,
    0.3676108249143409,
    0.21255024395591296,
    0.29910005702004533,
    0.3757313973109288,
    8.65526027290983,
    8.295992405864808,
    9.034632393730934,
    6.7163071395867995,
    5.979137349997846,
    5.23978422304321,
    5.298805429977078,
    5.160881576584603,
    5.2098025056924655,
    4.93531370435659
  ],
  "has_numba": true,
  "avg_iter_time_sec": 0.002029118159747062,
  "std_iter_time_sec": 0.00034844063444172197,
  "min_iter_time_sec": 0.0016923807561397552,
  "max_iter_time_sec": 0.037565238773822784
}