{
  "idx": 56,
  "T0": 10.0,
  "sigma": 1e-11,
  "n_iter": 250000,
  "thinning": 10,
  "final_mse": 3151.5245928083514,
  "final_x": [
    1890.1672519035606,
    1901.998197281266,
    1913.5836994762044,
    1923.5805562879325,
    1933.66699785507,
    1944.0852104554058,
    1954.2460790526545,
    1964.7497702340397,
    1976.1649656322513,
    1986.6666779152242,
    0.300379178698997,
    0.30128763773380046,
    0.30103605571249165,
    0.2990320222296465,
    0.2986454658282359,
    0.29947669794536724,
    0.29627011786230456,
    0.296443944625249,
    0.2951577984985384,
    0.29604061941224713,
    4.99953486196562,
    4.99743717419429,
    5.000731373352703,
    5.003232272448261,
    4.998843346166456,
    4.998804259977849,
    5.000680559382891,
    4.998163700403289,
    4.99915302609768,
    4.998084202921772
  ],
  "wall_time_sec": 648.2146686241031
}