{
  "idx": 1,
  "T0": 0.1,
  "sigma": 1e-10,
  "n_iter": 250000,
  "thinning": 10,
  "final_mse": 1168.995396467805,
  "final_x": [
    1890.1237427118983,
    1901.986659744118,
    1913.5553694117855,
    1923.5557384939343,
    1933.6360576663226,
    1944.0105836141777,
    1954.1222641362215,
    1964.733026937308,
    1976.1049737285055,
    1986.6631809787605,
    0.2894167920803988,
    0.2699541094506488,
    0.29439180794807174,
    0.26246523873921074,
    0.27694566921063174,
    0.22724210819101331,
    0.2137746733641754,
    0.1888495709047249,
    0.23885230679069797,
    0.20697003982955484,
    4.976928180031657,
    4.959847953324816,
    4.98645179212952,
    4.965292094611637,
    4.976754046529346,
    4.972103314790766,
    4.938958442571401,
    4.867903156370885,
    4.987451027243236,
    4.937728050039153
  ],
  "wall_time_sec": 626.081670474261
}