{
  "idx": 60,
  "T0": 10.0,
  "sigma": 1e-07,
  "n_iter": 250000,
  "thinning": 10,
  "final_mse": 621.7402783660945,
  "final_x": [
    1889.7501145193405,
    1901.6023852137052,
    1913.3601792952163,
    1923.1705754916684,
    1933.4954347852643,
    1943.7787046883757,
    1953.8249964539564,
    1964.482315506533,
    1975.9099598433495,
    1986.7060727928733,
    0.2657834302508499,
    0.2315074160551702,
    0.29242390283453007,
    0.23248212743965316,
    0.25326477627291427,
    0.21310133660265151,
    0.1880787485841685,
    0.16192288063264448,
    0.23659510934938624,
    0.1863875116862302,
    4.67673787356586,
    4.494785129991904,
    4.977641256455112,
    4.566850891565319,
    4.704394497719061,
    4.734241595073211,
    4.496314010955004,
    4.364293265802326,
    4.955510483071788,
    4.575255115125645
  ],
  "wall_time_sec": 631.5917040258646
}