{
  "idx": 41,
  "T0": 5.0,
  "sigma": 1e-10,
  "n_iter": 250000,
  "thinning": 10,
  "final_mse": 1862.1624465935731,
  "final_x": [
    1890.1701583092038,
    1901.990666393023,
    1913.5851807229735,
    1923.5909274960288,
    1933.6702214399706,
    1944.0828179072573,
    1954.2366419629295,
    1964.749636234144,
    1976.1638619979215,
    1986.6664779337873,
    0.30019557832615607,
    0.28782652288707367,
    0.29708177142711184,
    0.2888479195098526,
    0.2984897141804162,
    0.25797047412066887,
    0.25844148558913393,
    0.23025221121173028,
    0.27422779536946223,
    0.23898988465696044,
    4.98587573086532,
    4.989578045670007,
    5.00260131979597,
    5.00033676108974,
    5.013186774042034,
    4.999340430572855,
    5.010330774800086,
    5.004632830804776,
    5.003606647095888,
    4.996947836267017
  ],
  "wall_time_sec": 659.1954100057483
}