{
  "idx": 34,
  "T0": 2.0,
  "sigma": 1e-09,
  "n_iter": 250000,
  "thinning": 10,
  "final_mse": 1189.8941379082034,
  "final_x": [
    1890.1142752831954,
    1901.9739755842868,
    1913.5699692718197,
    1923.567537397481,
    1933.6376577755843,
    1944.0136830842414,
    1954.1174391884172,
    1964.7075496999762,
    1976.1122331997046,
    1986.6691324590847,
    0.28754772483910557,
    0.2716753636809718,
    0.29424989459169115,
    0.2631614089298162,
    0.2771642647961984,
    0.22762856704984386,
    0.21663937936921393,
    0.1902881092357764,
    0.23873662859200515,
    0.20624625801423652,
    4.954382349104135,
    4.976836404870516,
    4.985548757336255,
    4.974436301757695,
    4.985483258376943,
    4.9837888614637915,
    4.984229376515607,
    4.899366648137552,
    4.983057800272386,
    4.91765463855346
  ],
  "wall_time_sec": 631.474846355617
}