{
  "idx": 13,
  "T0": 0.2,
  "sigma": 1e-06,
  "n_iter": 250000,
  "thinning": 10,
  "final_mse": 567.7304343724799,
  "final_x": [
    1889.5244203853981,
    1901.7890750500035,
    1913.37043304749,
    1923.1201817974427,
    1933.6231189693558,
    1943.9432028527756,
    1954.2703886527868,
    1964.2127892836797,
    1976.3151048087964,
    1986.8871988290596,
    0.2361013260810633,
    0.22480508047063033,
    0.272486636005164,
    0.22213854371861033,
    0.2454152785649521,
    0.20405608467702016,
    0.17784896945144274,
    0.1396573444771271,
    0.24803446316559544,
    0.16759359031694654,
    4.260709483390775,
    4.38949403500419,
    4.716030992600708,
    4.40289281737014,
    4.582148902084143,
    4.571053452604347,
    4.306137958269026,
    3.8899050670634527,
    5.157559701217109,
    4.197996329458026
  ],
  "wall_time_sec": 623.8457918018103
}