{
  "idx": 21,
  "T0": 0.5,
  "sigma": 1e-06,
  "n_iter": 250000,
  "thinning": 10,
  "final_mse": 565.1201598207676,
  "final_x": [
    1889.4987295942315,
    1901.6440586044964,
    1913.5240672167138,
    1923.069143093693,
    1933.7056922001448,
    1943.95497004994,
    1954.2928717965372,
    1963.9773228280383,
    1976.2976831187136,
    1986.8529732823865,
    0.23908585566073126,
    0.22689586547463975,
    0.28961890933729495,
    0.21149583317986836,
    0.24615827309528185,
    0.2001580143659346,
    0.1758227038412578,
    0.13908257833975107,
    0.25897236976600696,
    0.16816180012304724,
    4.306392306598493,
    4.444361332413304,
    4.931577419064559,
    4.236273058496662,
    4.5902716888125425,
    4.501556839742097,
    4.270027112356134,
    3.876425033231184,
    5.331158375812804,
    4.216550900113348
  ],
  "wall_time_sec": 641.0206313207746
}