{
  "idx": 3,
  "T0": 0.1,
  "sigma": 1e-08,
  "n_iter": 250000,
  "thinning": 10,
  "final_mse": 572.5219887646488,
  "final_x": [
    1889.512769580871,
    1901.7225646042698,
    1913.3280048248587,
    1923.138879273833,
    1933.5879123673603,
    1943.8492760613913,
    1954.19082745908,
    1964.323850103074,
    1976.1530649116721,
    1986.646531141478,
    0.2421589546451499,
    0.22401048275398808,
    0.2798719240665026,
    0.22405981023687493,
    0.2432802987735468,
    0.20606277967538858,
    0.1814443854856153,
    0.14392402933704718,
    0.24002407790927044,
    0.17482697817899212,
    4.354263679718657,
    4.391217307173642,
    4.806562230234372,
    4.435160069081488,
    4.548238690020075,
    4.609551569708859,
    4.375555880000917,
    3.9800834501297486,
    5.01493307642404,
    4.341053559930463
  ],
  "wall_time_sec": 641.8628036305308
}