{
  "idx": 61,
  "T0": 10.0,
  "sigma": 1e-06,
  "n_iter": 250000,
  "thinning": 10,
  "final_mse": 586.6091938660328,
  "final_x": [
    1889.4245123335786,
    1902.0050186168787,
    1912.8008780143298,
    1923.0151283017854,
    1933.7078150201887,
    1943.9459251827734,
    1954.1514675872147,
    1964.1596429670176,
    1976.193289110737,
    1986.4283333047679,
    0.2546170948872377,
    0.23146913230307428,
    0.2602672016185369,
    0.2582534177712341,
    0.25506554256027336,
    0.1974394370971017,
    0.17809290247636633,
    0.14504643662635483,
    0.2517560814301024,
    0.17258082029743774,
    4.53956136636364,
    4.51285237408133,
    4.550370312754674,
    4.971125835391496,
    4.726224603040903,
    4.45015638197115,
    4.309165662671089,
    4.010417452437601,
    5.210403009834117,
    4.300160685788107
  ],
  "wall_time_sec": 651.1935893557966
}