{
  "idx": 30,
  "T0": 1.0,
  "sigma": 9.999999999999999e-06,
  "n_iter": 250000,
  "thinning": 10,
  "final_mse": 572.3563108515611,
  "final_x": [
    1889.482419297537,
    1901.6227101218667,
    1913.3447690673747,
    1923.167129410134,
    1933.7350617340894,
    1943.9091839540993,
    1954.2600968082431,
    1964.295134409253,
    1976.1101185602975,
    1986.9081595432297,
    0.24323697627204127,
    0.22038947548978324,
    0.2832180115258618,
    0.22281681001980858,
    0.24163487265957262,
    0.200787618863258,
    0.1805837718551245,
    0.14019531446458358,
    0.2412304153935119,
    0.1786692138778122,
    4.388588699940239,
    4.345153266280445,
    4.836144201474767,
    4.391841245753092,
    4.525298345961577,
    4.490191923130725,
    4.341845058629606,
    3.8886904378451153,
    5.073593683382737,
    4.414758072506837
  ],
  "wall_time_sec": 625.2801295630634
}