{
  "idx": 45,
  "T0": 5.0,
  "sigma": 1e-06,
  "n_iter": 250000,
  "thinning": 10,
  "final_mse": 571.7349092153677,
  "final_x": [
    1889.0214786298266,
    1901.6825161676047,
    1913.4326366006158,
    1923.1347822180974,
    1933.6567154262784,
    1943.9461591218517,
    1954.2966955773547,
    1964.3013245264167,
    1976.239018184623,
    1986.5207755872843,
    0.2414142362905679,
    0.2562629703623789,
    0.281808766079334,
    0.2143477800829031,
    0.24528079336806832,
    0.20396505999109205,
    0.1771768943901202,
    0.13845798582267546,
    0.24011438149644765,
    0.17093778908830629,
    4.364286650666941,
    4.875977674070856,
    4.83063963845732,
    4.290884873748135,
    4.575514860945673,
    4.579184435126503,
    4.299354952897256,
    3.8611699565110063,
    5.017811740824926,
    4.258138332664317
  ],
  "wall_time_sec": 624.683376621455
}