{
  "idx": 11,
  "T0": 0.2,
  "sigma": 1e-08,
  "n_iter": 250000,
  "thinning": 10,
  "final_mse": 578.7850633939096,
  "final_x": [
    1889.538546505776,
    1901.7003835217854,
    1913.3164762443257,
    1923.1648195006328,
    1933.569912613614,
    1943.802670150603,
    1954.1040981480664,
    1964.3958590887357,
    1976.0558914095116,
    1986.6126060954643,
    0.24766069112430536,
    0.2236602740014801,
    0.28316286644826133,
    0.2244970323793247,
    0.24258342223282892,
    0.2071756633333826,
    0.18401806621970374,
    0.14768395020589214,
    0.23633038086004077,
    0.1794597838264992,
    4.432900299233217,
    4.383683760918741,
    4.853800336330741,
    4.442597013977053,
    4.535992898138069,
    4.628644964362981,
    4.426000322139973,
    4.061103376178628,
    4.9527379870861195,
    4.43417750729062
  ],
  "wall_time_sec": 643.3402262032032
}