{
  "idx": 2,
  "T0": 0.1,
  "sigma": 1e-09,
  "n_iter": 250000,
  "thinning": 10,
  "final_mse": 690.1260427339511,
  "final_x": [
    1889.8343786895755,
    1901.917553441445,
    1913.3556673031303,
    1923.3772977521785,
    1933.5101150583857,
    1943.7560695681614,
    1953.7984233143081,
    1964.6004221239982,
    1975.9126777031497,
    1986.6634794211795,
    0.2762875337079108,
    0.24947389429496963,
    0.28620297048149984,
    0.24487286625484797,
    0.260260852141337,
    0.216816869197905,
    0.1943544996889739,
    0.16432670341129244,
    0.2351545030593082,
    0.19067183507437777,
    4.813769464489426,
    4.735409495928334,
    4.889301867662805,
    4.755104512809364,
    4.781698849830973,
    4.801204347462904,
    4.6244224734548975,
    4.417913412868272,
    4.923967699213414,
    4.653375634868397
  ],
  "wall_time_sec": 624.2712176814675
}