{
  "idx": 16,
  "T0": 0.5,
  "sigma": 1e-11,
  "n_iter": 250000,
  "thinning": 10,
  "final_mse": 2228.0113894673677,
  "final_x": [
    1890.1666237107374,
    1902.000039155204,
    1913.582847417033,
    1923.5858555774926,
    1933.6646007571248,
    1944.0808283447925,
    1954.2479729972329,
    1964.7477987816562,
    1976.1682072372303,
    1986.666486468945,
    0.2979365137308899,
    0.29175336519359524,
    0.2971238867160811,
    0.28767591174788404,
    0.29587934842549807,
    0.27448955125977614,
    0.2661775635420264,
    0.24770517427586813,
    0.27852855042465174,
    0.2607019546530749,
    5.000725783903862,
    5.002041196065013,
    4.999665172051654,
    5.0007127991579665,
    4.99862002534504,
    4.998694789845376,
    5.002878878494529,
    5.002001331149192,
    5.000261408563339,
    5.002974488873984
  ],
  "wall_time_sec": 643.4356391616166
}