{
  "idx": 8,
  "T0": 0.2,
  "sigma": 1e-11,
  "n_iter": 250000,
  "thinning": 10,
  "final_mse": 1607.2049083532581,
  "final_x": [
    1890.166015055947,
    1901.9980251744578,
    1913.5807246809902,
    1923.5808257982505,
    1933.6646498039995,
    1944.0825577632615,
    1954.245060268876,
    1964.7505719208655,
    1976.1653893942578,
    1986.6705911977833,
    0.2981668042380665,
    0.28902151436100443,
    0.2961870894359958,
    0.2824776183901241,
    0.2921127330905683,
    0.256038267066031,
    0.2429474160169723,
    0.2104615361649879,
    0.2647464925846251,
    0.23254253739385167,
    4.998787052047085,
    4.99805197865398,
    5.001839454528933,
    5.001406324210144,
    4.997673518684872,
    5.0036238501943044,
    5.0032067940351395,
    5.002029067018416,
    5.002577731991799,
    5.001163362096341
  ],
  "wall_time_sec": 630.4645424000919
}