{
  "idx": 59,
  "T0": 10.0,
  "sigma": 1e-08,
  "n_iter": 250000,
  "thinning": 10,
  "final_mse": 1024.6152862932508,
  "final_x": [
    1890.0562492744982,
    1901.9546515365068,
    1913.5367863627537,
    1923.5050765695278,
    1933.5917364487873,
    1944.0025272788712,
    1953.9700985270704,
    1964.6890220933915,
    1976.0548579231324,
    1986.743671677608,
    0.2863219047562702,
    0.26304964010316534,
    0.29464039093272143,
    0.2670340847803378,
    0.2816157781005181,
    0.22806920597476865,
    0.21175430416479982,
    0.1816191311725807,
    0.23557582650666542,
    0.20300676964786538,
    4.942001481214927,
    4.8748372361429135,
    4.983827823831425,
    5.025818447354179,
    5.042292407508576,
    4.999482064423062,
    4.908862439697231,
    4.755766357236559,
    4.932792412557076,
    4.869893167752636
  ],
  "wall_time_sec": 632.1797960326076
}