{
  "idx": 20,
  "T0": 0.5,
  "sigma": 1e-07,
  "n_iter": 250000,
  "thinning": 10,
  "final_mse": 568.6221829774308,
  "final_x": [
    1889.4629717299142,
    1901.7380795939566,
    1913.3645258476654,
    1923.0845355605236,
    1933.6883419062992,
    1943.860608502533,
    1954.2690287259709,
    1964.2884183640533,
    1976.3005617883273,
    1986.6332259850997,
    0.24032243872365083,
    0.22625517124046374,
    0.27737362921739905,
    0.22006149516520146,
    0.24556597487292292,
    0.20083284430198578,
    0.18137207731535,
    0.14040081675869304,
    0.24228246638478826,
    0.16798870001048383,
    4.329158660959522,
    4.4272091406505405,
    4.767109709939915,
    4.371274191580508,
    4.576683479873394,
    4.513307319165251,
    4.375109602215415,
    3.9017818755406437,
    5.05459484459781,
    4.207573263958502
  ],
  "wall_time_sec": 647.6532635726035
}