{
  "idx": 12,
  "T0": 0.2,
  "sigma": 1e-07,
  "n_iter": 250000,
  "thinning": 10,
  "final_mse": 566.1550295729135,
  "final_x": [
    1889.4073256158435,
    1901.730079897063,
    1913.4586955575414,
    1923.1480559093318,
    1933.6899762260316,
    1943.932898140679,
    1954.2741061287152,
    1964.161932447378,
    1976.2860886453823,
    1986.6032453080143,
    0.23839836194121958,
    0.23112906021496915,
    0.2783790504613201,
    0.21530349407199703,
    0.24129560323112073,
    0.200432397657321,
    0.1776816200134264,
    0.1402571368862158,
    0.24963246890465024,
    0.16837419128838915,
    4.3026620944667515,
    4.4987625926119685,
    4.788071993336689,
    4.301604426826497,
    4.5170924287782155,
    4.51022012071445,
    4.301382951315076,
    3.8972369933092765,
    5.1786253891058935,
    4.215826715187172
  ],
  "wall_time_sec": 642.4459533244371
}