{
  "idx": 43,
  "T0": 5.0,
  "sigma": 1e-08,
  "n_iter": 250000,
  "thinning": 10,
  "final_mse": 846.0182583947408,
  "final_x": [
    1890.0487637131673,
    1902.0219314886515,
    1913.4597414745642,
    1923.4305333105062,
    1933.5954171304904,
    1943.935915200036,
    1953.904817902916,
    1964.6720106272244,
    1975.9791413667992,
    1986.7230755645292,
    0.28441556958821657,
    0.2534630139418342,
    0.2899090119734456,
    0.25449929279302747,
    0.27020703108435223,
    0.22407962847647758,
    0.20010629860897586,
    0.17422630708407066,
    0.23785412271324807,
    0.19851744524738155,
    4.896194582446217,
    4.7513467107514105,
    4.9290862445611126,
    4.876075668231541,
    4.910867539131884,
    4.9121134667435005,
    4.719225289018555,
    4.615628789809041,
    4.962500992438438,
    4.796224243690132
  ],
  "wall_time_sec": 648.2625861465931
}