{
  "idx": 6,
  "T0": 0.1,
  "sigma": 9.999999999999999e-06,
  "n_iter": 250000,
  "thinning": 10,
  "final_mse": 599.8929725196323,
  "final_x": [
    0.2387224265418092,
    4.359825952440449,
    0.19103533544990908,
    3.856195958674531,
    0.2647006987241205,
    4.641236021415107,
    0.21087391986425402,
    4.257849494309951,
    0.22453566713270798,
    4.240014282233931,
    0.20549122920738114,
    4.537665020539577,
    0.16958355167846967,
    4.159958950661517,
    0.14281611707353206,
    3.9554385652930604,
    0.2196717797066275,
    4.632183736894375,
    0.1755299938058846,
    4.386738416784913
  ],
  "wall_time_sec": 633.347446013242
}