{
  "idx": 57,
  "T0": 10.0,
  "sigma": 1e-10,
  "n_iter": 250000,
  "thinning": 10,
  "final_mse": 1663.2591823875332,
  "final_x": [
    0.29430971304168146,
    5.003383655824748,
    0.2888146557381305,
    5.004804853519268,
    0.2992853944412226,
    4.999340010448765,
    0.28382357134332037,
    4.989779050780749,
    0.2874138215861801,
    4.999559435996791,
    0.2550281175170596,
    5.006843487562541,
    0.24180061489644872,
    5.005036777935606,
    0.21227460290756042,
    4.998482332545975,
    0.27148972439887276,
    5.000767466371588,
    0.24090045638953486,
    5.008234440373741
  ],
  "wall_time_sec": 617.4267307594419
}