{
  "idx": 32,
  "T0": 2.0,
  "sigma": 1e-11,
  "n_iter": 250000,
  "thinning": 10,
  "final_mse": 3028.6330187596004,
  "final_x": [
    0.3012234006873981,
    4.999006005186712,
    0.298554368925965,
    5.0003868636251685,
    0.2999361471040046,
    5.0010890413992035,
    0.29803441798764446,
    5.001851423902595,
    0.30013008718735773,
    5.000418746625092,
    0.2931366472349683,
    4.999390488043044,
    0.29546089830993943,
    5.002421714328898,
    0.2877342420803751,
    4.998223840859998,
    0.29516378597086723,
    5.00062447012565,
    0.29180058845689816,
    5.003364602626601
  ],
  "wall_time_sec": 631.3278173618019
}