{
  "idx": 14,
  "T0": 0.2,
  "sigma": 9.999999999999999e-06,
  "n_iter": 250000,
  "thinning": 10,
  "final_mse": 606.4065420513688,
  "final_x": [
    0.24903121086408875,
    4.417781691645812,
    0.1781786555803718,
    3.6993741959563446,
    0.26284061251739294,
    4.552757946891736,
    0.20682501363060876,
    4.118551955601005,
    0.23190669878331013,
    4.272263106278435,
    0.20099462596637555,
    4.563419548799966,
    0.17243662594734183,
    4.1824240566922635,
    0.143387060934544,
    3.9439623114828652,
    0.23341227460632624,
    4.785940927059474,
    0.17268562503386292,
    4.341396457388818
  ],
  "wall_time_sec": 636.2060046978295
}