{
  "idx": 38,
  "T0": 2.0,
  "sigma": 9.999999999999999e-06,
  "n_iter": 250000,
  "thinning": 10,
  "final_mse": 599.1501103169452,
  "final_x": [
    0.2443576597080496,
    4.371889228926694,
    0.19253378797868728,
    3.862509068850002,
    0.25923635274263873,
    4.46461881306336,
    0.20374819935778346,
    4.13595004506379,
    0.22086397156662563,
    4.264564702618397,
    0.20185395567878733,
    4.509997559417433,
    0.16985951802338894,
    4.104865613178573,
    0.1413616287865208,
    3.917212386851919,
    0.21875965734549827,
    4.63176121984269,
    0.17215324321451328,
    4.312906159899551
  ],
  "wall_time_sec": 633.2771817930043
}