{
  "idx": 41,
  "T0": 5.0,
  "sigma": 1e-10,
  "n_iter": 250000,
  "thinning": 10,
  "final_mse": 1641.8836659885214,
  "final_x": [
    0.2998861821560756,
    5.003128872873281,
    0.29227104781516583,
    4.990952838014961,
    0.30307421737502366,
    4.997887871812675,
    0.2771752014286095,
    4.992073828865754,
    0.29405145698150575,
    4.9920851098185635,
    0.25634564894911555,
    4.999417285385403,
    0.24449967067894132,
    4.996693551544986,
    0.2104137804919864,
    5.0060854090623454,
    0.2618391946694319,
    5.005049302505962,
    0.23910531143306693,
    5.001860417581664
  ],
  "wall_time_sec": 597.8087786920369
}