{
  "idx": 60,
  "T0": 10.0,
  "sigma": 1e-07,
  "n_iter": 250000,
  "thinning": 10,
  "final_mse": 619.053831722513,
  "final_x": [
    0.2500151573072635,
    4.528661917977395,
    0.20966699755563492,
    4.148303195922608,
    0.28477128188323453,
    4.740362600194603,
    0.21840865922373887,
    4.321118178411778,
    0.22988576893097692,
    4.242718363235053,
    0.2035625326316469,
    4.553813766227466,
    0.16874821898205797,
    4.187758819599192,
    0.14293908473577058,
    3.9165197282448334,
    0.21332533592188857,
    4.598608427091845,
    0.1759556483927822,
    4.360368776149237
  ],
  "wall_time_sec": 615.2065351717174
}