{
  "idx": 59,
  "T0": 10.0,
  "sigma": 1e-08,
  "n_iter": 250000,
  "thinning": 10,
  "final_mse": 1028.4480490486408,
  "final_x": [
    0.2752693290940175,
    4.854696801967231,
    0.2593920584936132,
    4.8165779345438215,
    0.2896093181573898,
    5.00527673429414,
    0.25842518274409226,
    4.929779724401751,
    0.2722073773071478,
    4.935251521129658,
    0.2296017390469689,
    4.953510594893976,
    0.1939027432420946,
    4.641717155419441,
    0.17391716706097515,
    4.51944220949449,
    0.24075363741080888,
    4.9934346703455805,
    0.19990269774406458,
    4.860361158620906
  ],
  "wall_time_sec": 632.3555134311318
}