{
  "idx": 51,
  "T0": 8.0,
  "sigma": 1e-08,
  "n_iter": 250000,
  "thinning": 10,
  "final_mse": 1026.353501876021,
  "final_x": [
    0.27718609917490444,
    4.866555447069594,
    0.26044825117504494,
    4.828472120144614,
    0.28538270209368566,
    4.901349514673552,
    0.2474693097770752,
    4.826157802533329,
    0.2777674265851904,
    4.926635608842773,
    0.23029616886515855,
    5.030666018114461,
    0.2008607402807473,
    4.718229782917825,
    0.1735729014292422,
    4.570581326640796,
    0.23213295734255204,
    4.918126786224687,
    0.1968638924648175,
    4.758978049989954
  ],
  "wall_time_sec": 620.9493374079466
}