{
  "idx": 8,
  "T0": 0.2,
  "sigma": 1e-11,
  "n_iter": 250000,
  "thinning": 10,
  "final_mse": 3077.6900161954472,
  "final_x": [
    0.3027645944049803,
    5.002283090252423,
    0.2978623580720201,
    5.000539356696832,
    0.297708249548072,
    5.0003659762196175,
    0.2997416111564546,
    4.999786995749573,
    0.3011882403110908,
    4.999770637585951,
    0.29541077658901443,
    4.997726379854965,
    0.2942704722406661,
    5.00048145904787,
    0.290304198413507,
    5.002434535758768,
    0.2966907107429697,
    4.999095954924378,
    0.29483823957835015,
    4.998732515162297
  ],
  "wall_time_sec": 634.8316329084337
}