{
  "idx": 20,
  "T0": 0.5,
  "sigma": 1e-07,
  "n_iter": 250000,
  "thinning": 10,
  "final_mse": 623.1016971416826,
  "final_x": [
    0.25617704748205494,
    4.537024612673058,
    0.2108524634673382,
    4.131394051771646,
    0.2810157716058266,
    4.796655266719934,
    0.23238024571983767,
    4.4755158020190295,
    0.22832708182861122,
    4.356742235016526,
    0.20342340790415975,
    4.585541458203465,
    0.1730187007140226,
    4.198855342889228,
    0.1410649197475762,
    3.927939583431805,
    0.2247328311322956,
    4.768647026070768,
    0.17124528445209022,
    4.25115045214246
  ],
  "wall_time_sec": 622.320370759815
}