{
  "idx": 25,
  "T0": 1.0,
  "sigma": 1e-10,
  "n_iter": 250000,
  "thinning": 10,
  "final_mse": 1719.491950635514,
  "final_x": [
    0.30055514483468876,
    4.993794464321844,
    0.28523496091678907,
    4.998454725928764,
    0.31068031578803834,
    4.995463469564029,
    0.28523573072072156,
    4.999419421973133,
    0.2933498457155243,
    5.007915457725284,
    0.25986284458971437,
    5.000983436248253,
    0.24308112670799015,
    5.002296443338014,
    0.21845842652987074,
    4.99863766045691,
    0.27228937932357933,
    5.002951183137515,
    0.23931546359938233,
    4.996796164089665
  ],
  "wall_time_sec": 619.3633594922721
}