{
  "idx": 11,
  "T0": 0.2,
  "sigma": 1e-08,
  "n_iter": 250000,
  "thinning": 10,
  "final_mse": 1005.7054518050389,
  "final_x": [
    0.28193436347982753,
    4.86017212287052,
    0.264543347937155,
    4.822613560227876,
    0.2989949524580998,
    4.981708697208925,
    0.25533476370451436,
    4.862947484329845,
    0.27758833529711235,
    4.903938998522678,
    0.22523723180175545,
    4.869951359743522,
    0.20333085891430255,
    4.753632735557271,
    0.17146222485953005,
    4.508526479364315,
    0.2408988245827498,
    4.982067838522448,
    0.20013766536060057,
    4.7623775933810295
  ],
  "wall_time_sec": 632.6394050270319
}