{
  "idx": 7,
  "T0": 0.1,
  "sigma": 0.0001,
  "n_iter": 250000,
  "thinning": 10,
  "final_mse": 717.0885013125888,
  "final_x": [
    0.2828896751682441,
    4.856522630129167,
    0.25613567735504333,
    4.752743536882222,
    0.291627048479802,
    4.873404270228219,
    0.23924701535581513,
    4.647937533584837,
    0.24799391038838847,
    4.598971682613366,
    0.20926182690567816,
    4.581174703446897,
    0.17567675464914292,
    4.281157425304087,
    0.14426604981695446,
    3.953563332941453,
    0.21848356975095834,
    4.705751436591366,
    0.17637488734672488,
    4.36978380951408
  ],
  "wall_time_sec": 635.8020366467535
}