{
  "idx": 1,
  "T0": 0.1,
  "sigma": 1e-10,
  "n_iter": 250000,
  "thinning": 10,
  "final_mse": 1662.626925677684,
  "final_x": [
    0.2961039020614467,
    5.001798158315583,
    0.2861337709927535,
    4.998914240259287,
    0.3040171160686156,
    5.0104661579265315,
    0.28168110818153413,
    5.000214371754641,
    0.2884973285723303,
    5.0017149670839895,
    0.2607967716521781,
    5.005900383012274,
    0.2509154541283037,
    4.99845350442579,
    0.21415078742839286,
    5.003158298744166,
    0.26098127626902684,
    5.000804096107223,
    0.23214447514210132,
    4.996700750782966
  ],
  "wall_time_sec": 619.1432002037764
}