{
  "idx": 37,
  "T0": 2.0,
  "sigma": 1e-06,
  "n_iter": 250000,
  "thinning": 10,
  "final_mse": 599.7322113444367,
  "final_x": [
    0.233257317101791,
    4.256238063167148,
    0.18793474221283057,
    3.781241797696623,
    0.26102256042326355,
    4.4851566902049695,
    0.21316040650462503,
    4.22144433353509,
    0.2209309230467839,
    4.168723692264421,
    0.2010611027310955,
    4.497237546346997,
    0.17346669745468526,
    4.222826655548249,
    0.14098118636140108,
    3.9352433700788403,
    0.2250332291419052,
    4.802116151286767,
    0.16971985813847829,
    4.266047602957342
  ],
  "wall_time_sec": 614.5815904177725
}