{
  "idx": 53,
  "T0": 8.0,
  "sigma": 1e-06,
  "n_iter": 250000,
  "thinning": 10,
  "final_mse": 601.959374305832,
  "final_x": [
    0.24140166463672924,
    4.404190668565884,
    0.18561137065793867,
    3.6918666427335785,
    0.27001187300449286,
    4.704907553955616,
    0.21554226256089953,
    4.232637091634017,
    0.21716076559202518,
    4.1807292862015935,
    0.20199552302375404,
    4.560087134931141,
    0.1696807611579034,
    4.143531468564167,
    0.13874398742301047,
    3.8532608444231378,
    0.22236286739377,
    4.705782179227656,
    0.17565825360205606,
    4.366324570046005
  ],
  "wall_time_sec": 596.2183632925153
}