{
  "idx": 40,
  "T0": 5.0,
  "sigma": 1e-11,
  "n_iter": 250000,
  "thinning": 10,
  "final_mse": 3067.454257611323,
  "final_x": [
    0.2977516597458641,
    4.997970566982899,
    0.29849165269592054,
    5.001505316475118,
    0.2979233650283847,
    5.000543571851676,
    0.2992578298687324,
    4.99756737340691,
    0.2969051080361945,
    4.998393889864999,
    0.2945482242022989,
    5.001180462860006,
    0.29151423566421947,
    5.001224486050025,
    0.29313668849670954,
    5.001426518329843,
    0.2957237278581051,
    4.999487777518057,
    0.29395699065976666,
    4.999127981636449
  ],
  "wall_time_sec": 631.4781579524279
}