{
  "idx": 34,
  "T0": 2.0,
  "sigma": 1e-09,
  "n_iter": 250000,
  "thinning": 10,
  "final_mse": 1343.5013663717411,
  "final_x": [
    0.28777387966078855,
    4.982106552537615,
    0.2758596747872324,
    4.983574944425574,
    0.3050277986665382,
    4.97759372207881,
    0.26058126602177467,
    5.007886164169861,
    0.27937796248684654,
    4.976881039959538,
    0.23251484107843215,
    4.997587427362038,
    0.21573644042690704,
    4.958133827633134,
    0.19683709272539074,
    4.964322370457676,
    0.2409775004769339,
    5.0118679491253,
    0.2098466570137861,
    4.985992086518193
  ],
  "wall_time_sec": 630.2067756764591
}