{
  "T0": 10.0,
  "sigma": 1e-05,
  "n_chains": 10,
  "n_iter": 10000,
  "burn_in": 5000,
  "n_workers": 1,
  "wall_time_sec": 148.83008723380044,
  "wall_time_per_iter_sec": 0.014883008723380045,
  "final_mse": 823.2546173403541,
  "chain_mse_mean": 858.468921707003,
  "chain_mse_std": 39.640204993701516,
  "center_of_mass": [
    0.27826638629508493,
    4.823059989334515,
    0.2527315446495234,
    4.717480751902302,
    0.29457539535164157,
    4.974740273265176,
    0.2540135082965808,
    4.840207606759682,
    0.2630067964342814,
    4.78591316381144,
    0.21078581206880864,
    4.683891182211916,
    0.1945928008924164,
    4.600709124259632,
    0.15294847998843938,
    4.1673581612391954,
    0.23305244673350262,
    4.8728756484106714,
    0.19113491961288812,
    4.643643437543689
  ],
  "has_numba": true,
  "avg_iter_time_sec": 0.0014634037619456648,
  "std_iter_time_sec": 3.076970240728708e-05,
  "min_iter_time_sec": 0.0014366679824888706,
  "max_iter_time_sec": 0.0023709870874881744
}