{
  "T0": 10.0,
  "sigma": 1e-05,
  "n_chains": 10,
  "n_iter": 250000,
  "burn_in": 100000,
  "n_workers": 16,
  "wall_time_sec": 484.57845310494304,
  "wall_time_per_iter_sec": 0.0019383138124197722,
  "final_mse": 594.4744308591557,
  "chain_mse_mean": 598.4053986796853,
  "chain_mse_std": 4.766658141271532,
  "center_of_mass": [
    0.23923671444073907,
    4.300716492759302,
    0.19368870882703335,
    3.8832110580917165,
    0.2700625769898458,
    4.6439903454338305,
    0.20890434349455492,
    4.18373451207694,
    0.22257010081329173,
    4.216071984860281,
    0.20371607818077467,
    4.560226244984923,
    0.17198987207490699,
    4.1870769620485,
    0.1413244210540756,
    3.919758939261117,
    0.2242407844849017,
    4.731203140720675,
    0.17447493268438194,
    4.331195359550344
  ],
  "has_numba": true
}