{
  "idx": 51,
  "T0": 8.0,
  "sigma": 1e-08,
  "n_iter": 250000,
  "thinning": 10,
  "final_mse": 955.4735689193343,
  "final_x": [
    1890.0766526528166,
    1901.9433980320614,
    1913.489702754678,
    1923.6276139258973,
    1933.5376139316363,
    1943.9073944881982,
    1954.0225198267538,
    1964.7353082314044,
    1975.9351453575075,
    1986.6375733959476,
    0.2795051901140372,
    0.2700894096626527,
    0.2993342550350355,
    0.2556579530888366,
    0.27276637251750296,
    0.22200639201907255,
    0.20792284770546862,
    0.17713934276852691,
    0.23692636529200994,
    0.20425039281876115,
    4.884097734583928,
    4.94953089839772,
    5.041358808443908,
    4.874816352089459,
    4.912199271647238,
    4.8871884821559615,
    4.854974697816751,
    4.660812128221682,
    4.963219447587762,
    4.906747038717571
  ],
  "wall_time_sec": 644.8753964304924
}