{
  "idx": 26,
  "T0": 1.0,
  "sigma": 1e-09,
  "n_iter": 250000,
  "thinning": 10,
  "final_mse": 1092.9057637199173,
  "final_x": [
    1890.083275575871,
    1901.9983557523499,
    1913.5247915653408,
    1923.5179727986615,
    1933.6207963823026,
    1943.991561359103,
    1954.069911672596,
    1964.7262602893143,
    1976.0767493655053,
    1986.695192980884,
    0.29223152819613496,
    0.26881306737089544,
    0.29454111521525317,
    0.2601746967033569,
    0.2751494406989445,
    0.22622761017088935,
    0.2109052803897541,
    0.1864069282384254,
    0.2376798092318421,
    0.2054059559916434,
    5.015641541088216,
    4.963976372755619,
    4.992188740725671,
    4.943900439920518,
    4.963749843592111,
    4.9614040416179375,
    4.89417279673078,
    4.828053701378968,
    4.964467585929566,
    4.901509497456308
  ],
  "wall_time_sec": 628.494068916887
}