{
  "idx": 54,
  "T0": 8.0,
  "sigma": 9.999999999999999e-06,
  "n_iter": 250000,
  "thinning": 10,
  "final_mse": 580.3645535433984,
  "final_x": [
    1888.8582795621,
    1901.7397470747462,
    1913.8599070482878,
    1923.0418687524889,
    1933.4191585067326,
    1943.9302291695767,
    1954.343215940192,
    1963.7513454039517,
    1976.443494312063,
    1987.026745251378,
    0.23326155035016943,
    0.2674399690495743,
    0.2821324375414877,
    0.19018137126046103,
    0.2538291968954008,
    0.2164033810682325,
    0.17732437127115852,
    0.13710313645723912,
    0.2751850781669895,
    0.16063290217315637,
    4.2325025549766435,
    5.002645965600239,
    4.873404317595541,
    3.885987033472854,
    4.6898880568541,
    4.823944780119621,
    4.311275895959969,
    3.830985253872738,
    5.602852063331298,
    4.04863434145931
  ],
  "wall_time_sec": 646.2267536520958
}