{
  "idx": 22,
  "T0": 0.5,
  "sigma": 9.999999999999999e-06,
  "n_iter": 250000,
  "thinning": 10,
  "final_mse": 583.2656570844056,
  "final_x": [
    1889.4982491209066,
    1901.7053755324569,
    1913.2442962038783,
    1923.1953598001996,
    1933.4648267211774,
    1943.779920454579,
    1954.1083660557922,
    1964.3831428755982,
    1976.0754941285074,
    1986.979428316663,
    0.2574914062458603,
    0.22967226411333913,
    0.2812701380032575,
    0.23115369230607977,
    0.2421578342266221,
    0.21367644218235804,
    0.1843179221303973,
    0.14633826349852927,
    0.23808968934766836,
    0.17874566346423415,
    4.536566151070685,
    4.447581139223789,
    4.836978686470024,
    4.5415032783814135,
    4.530506492623442,
    4.719158221386927,
    4.435988996645834,
    4.041313830645153,
    4.966989956256347,
    4.4058185196761315
  ],
  "wall_time_sec": 644.8087008558214
}