{
  "idx": 6,
  "T0": 0.1,
  "sigma": 9.999999999999999e-06,
  "n_iter": 250000,
  "thinning": 10,
  "final_mse": 604.3251854193574,
  "final_x": [
    1889.5519835838193,
    1901.8602568350539,
    1913.2125633815076,
    1923.1881863664928,
    1933.5553772123515,
    1943.7493970401265,
    1953.9220460014117,
    1964.4891477860363,
    1975.9565692918993,
    1986.630729541567,
    0.2626343814688506,
    0.23236893996718078,
    0.28310782065667317,
    0.23724647945441674,
    0.25141249267569915,
    0.21039968815716723,
    0.18619940884513753,
    0.15604608615691215,
    0.23252891388359262,
    0.18462344024225913,
    4.600262631463534,
    4.533582309074928,
    4.837299124962739,
    4.619839497243705,
    4.665866858229792,
    4.6813034491107235,
    4.474331967231791,
    4.24138878799388,
    4.8923723290705246,
    4.525834154502237
  ],
  "wall_time_sec": 623.4142471216619
}