{
  "idx": 28,
  "T0": 1.0,
  "sigma": 1e-07,
  "n_iter": 250000,
  "thinning": 10,
  "final_mse": 569.8138244133555,
  "final_x": [
    1889.5302038656089,
    1901.689977828696,
    1913.3977053615408,
    1923.156805477885,
    1933.627546063636,
    1943.8016357042957,
    1954.211751168422,
    1964.230570440155,
    1976.1761522869926,
    1986.918259793599,
    0.2411272264234413,
    0.22117683195946738,
    0.2826034720063776,
    0.21935020989516044,
    0.24217866476736266,
    0.20451774133925152,
    0.18434572799808152,
    0.14301416858928204,
    0.24493613566298686,
    0.17327537788932632,
    4.342173920264377,
    4.340548968131578,
    4.843883335562136,
    4.367268080427698,
    4.528613521046579,
    4.579521348289354,
    4.430132923748904,
    3.960626836142901,
    5.100035665368091,
    4.313271944270631
  ],
  "wall_time_sec": 625.8870828412473
}