{
  "idx": 44,
  "T0": 5.0,
  "sigma": 1e-07,
  "n_iter": 250000,
  "thinning": 10,
  "final_mse": 602.0999222636241,
  "final_x": [
    1889.589751321494,
    1901.8273491604284,
    1913.1810835595213,
    1923.2503476131653,
    1933.5089549526779,
    1943.5992391272246,
    1954.0423971599769,
    1964.5327269989439,
    1975.9273856322798,
    1986.9230684076906,
    0.26048467364184447,
    0.2257640405029374,
    0.28473598435136427,
    0.23860860654480814,
    0.24232833830542452,
    0.21151870378279322,
    0.19565737154466697,
    0.15055658063021468,
    0.22937413278964736,
    0.18544211715394768,
    4.603145194899325,
    4.415188007881996,
    4.867362553668311,
    4.648393911529263,
    4.523136460871461,
    4.707883761168546,
    4.646781365514035,
    4.128923690028827,
    4.835854111794173,
    4.554842652219706
  ],
  "wall_time_sec": 644.7682699635625
}