{
  "idx": 48,
  "T0": 8.0,
  "sigma": 1e-11,
  "n_iter": 250000,
  "thinning": 10,
  "final_mse": 3127.908656109725,
  "final_x": [
    1890.1652315202323,
    1901.9990175336072,
    1913.584208068182,
    1923.585869203397,
    1933.667802954157,
    1944.0825811259772,
    1954.250506186945,
    1964.746835396054,
    1976.1657947761983,
    1986.668078938295,
    0.29822355539834355,
    0.297260708951438,
    0.30216847531432,
    0.29793215362341213,
    0.3000778725531798,
    0.2979072583425763,
    0.29584154817156927,
    0.2961839491783723,
    0.2985765046783854,
    0.2928857997276223,
    5.002048938402809,
    5.002439299622467,
    5.000795974179854,
    5.001713667871156,
    5.001920976614781,
    5.0014416649379125,
    4.99778616267228,
    5.0001179077745554,
    5.001496165042848,
    5.000399662122168
  ],
  "wall_time_sec": 643.424097456038
}