{
  "idx": 39,
  "T0": 2.0,
  "sigma": 0.0001,
  "n_iter": 250000,
  "thinning": 10,
  "final_mse": 631.4197485216633,
  "final_x": [
    1889.710355080222,
    1901.4371161793053,
    1913.209212840288,
    1923.3415032241746,
    1933.4740917978988,
    1943.7994936806942,
    1953.9882117059096,
    1964.4062230376564,
    1975.6526047880955,
    1986.783753302695,
    0.266674740215605,
    0.23624655561004806,
    0.32077974024035105,
    0.2417450816560147,
    0.2442891077601581,
    0.2076904375910158,
    0.18477687001423299,
    0.15426207840622527,
    0.23465229874762103,
    0.19997939212241775,
    4.651000853343069,
    4.532042263147297,
    5.274115105418288,
    4.766535135097182,
    4.581082122845072,
    4.658118016096023,
    4.457966812821524,
    4.183086448852802,
    4.891658748086032,
    4.803842108879226
  ],
  "wall_time_sec": 646.3164561875165
}