{
  "idx": 31,
  "T0": 1.0,
  "sigma": 0.0001,
  "n_iter": 250000,
  "thinning": 10,
  "final_mse": 650.0389144142423,
  "final_x": [
    1889.682677687257,
    1901.831102665295,
    1913.3855480750879,
    1923.3269305256163,
    1933.6667425455712,
    1943.7156996314102,
    1953.9040304887196,
    1964.7219880711596,
    1975.985638142511,
    1986.6121042604595,
    0.2802035782572791,
    0.24023344577798555,
    0.30233553404033875,
    0.23424666330899535,
    0.24636220931948857,
    0.20607512685579168,
    0.1893273071142168,
    0.1593076043144478,
    0.2335114673806162,
    0.18859357105734445,
    4.722065209819732,
    4.575704669040404,
    5.160977403354654,
    4.542619261994646,
    4.696304691436798,
    4.6217446135462055,
    4.546298832358263,
    4.316803053123246,
    4.857390180160866,
    4.565354373040179
  ],
  "wall_time_sec": 644.2826662249863
}