{
  "idx": 14,
  "T0": 0.2,
  "sigma": 9.999999999999999e-06,
  "n_iter": 250000,
  "thinning": 10,
  "final_mse": 606.8213606456759,
  "final_x": [
    1889.5106617388133,
    1901.8261986347854,
    1913.1437308994905,
    1923.2899420347926,
    1933.5132946686251,
    1943.7269731449192,
    1953.9450494097835,
    1964.566033857331,
    1975.9493510915042,
    1986.814228012761,
    0.2615435013141427,
    0.23560693347333295,
    0.28218639866838163,
    0.2410833026135528,
    0.24253971738109772,
    0.21453308140519645,
    0.18950216453263946,
    0.15418982197763864,
    0.22696643733057112,
    0.18621119544356093,
    4.630360676185534,
    4.555941653320746,
    4.806341974100065,
    4.6864955706017275,
    4.518528891309178,
    4.72821063433721,
    4.521137756898213,
    4.211209858137188,
    4.79673687676643,
    4.55045684612253
  ],
  "wall_time_sec": 642.6772220209241
}