{
  "idx": 55,
  "T0": 8.0,
  "sigma": 0.0001,
  "n_iter": 250000,
  "thinning": 10,
  "final_mse": 614.5223389217713,
  "final_x": [
    1889.4105980389838,
    1902.3111562761533,
    1913.2611853958883,
    1923.4319156758163,
    1933.2311559050697,
    1943.7630373276731,
    1953.9576879908975,
    1964.3782820747529,
    1976.0131282530406,
    1987.7240238165869,
    0.22824661522828643,
    0.219661861666407,
    0.24672687470283472,
    0.23036518013108392,
    0.2092848951957204,
    0.2227958506278674,
    0.19193916445969872,
    0.15102814681248208,
    0.23832658879237845,
    0.1805340137125245,
    4.1585556436408355,
    4.278374578564203,
    4.298654502809721,
    4.545150050342345,
    4.063325181997846,
    4.923846684641471,
    4.56431111657086,
    4.17933124976383,
    4.94116937513232,
    4.443209426284868
  ],
  "wall_time_sec": 659.260271999985
}