{
  "idx": 37,
  "T0": 2.0,
  "sigma": 1e-06,
  "n_iter": 250000,
  "thinning": 10,
  "final_mse": 571.7412967545735,
  "final_x": [
    1889.6072172700356,
    1901.8860911825157,
    1913.5905461399725,
    1923.0204199877414,
    1933.4992097768977,
    1943.8072790761664,
    1954.310948557551,
    1964.176845307946,
    1976.2115817607794,
    1986.3041006281474,
    0.2396347408075052,
    0.21724074336647858,
    0.2721580637369961,
    0.20655414371449504,
    0.24758217234058588,
    0.21271875604253984,
    0.18323476903961872,
    0.13829191111771716,
    0.25042394048326905,
    0.17259830259317327,
    4.315126905979752,
    4.272279865094045,
    4.701932252087315,
    4.159406040584559,
    4.622292719204163,
    4.733782999652174,
    4.421265741425685,
    3.857610522393102,
    5.183170397503112,
    4.296833207459742
  ],
  "wall_time_sec": 641.805405318737
}