{
  "idx": 38,
  "T0": 2.0,
  "sigma": 9.999999999999999e-06,
  "n_iter": 250000,
  "thinning": 10,
  "final_mse": 573.8457570173247,
  "final_x": [
    1889.8090072537252,
    1901.7848056515047,
    1913.4398161628312,
    1923.3988747088792,
    1933.8680908163271,
    1943.9930476610843,
    1954.28930928513,
    1964.226578133479,
    1976.143910214118,
    1986.264390837069,
    0.24082833406796159,
    0.20766988457528304,
    0.27086117603813403,
    0.21108240618246302,
    0.22643532523992524,
    0.19130692463925744,
    0.1747529705436172,
    0.13984235119394617,
    0.24797798493921966,
    0.17591030990477322,
    4.361429488750649,
    4.147240166723845,
    4.7206672329498485,
    4.2295292274548775,
    4.269797987105891,
    4.356793875790238,
    4.2313052599678365,
    3.8806099457076786,
    5.136972557819859,
    4.364964485100148
  ],
  "wall_time_sec": 624.0551546998322
}