{
  "idx": 24,
  "T0": 1.0,
  "sigma": 1e-11,
  "n_iter": 250000,
  "thinning": 10,
  "final_mse": 2622.0011889677803,
  "final_x": [
    1890.1694107396072,
    1901.9994561552903,
    1913.5837229315339,
    1923.5821101754536,
    1933.6654776082405,
    1944.0828416363092,
    1954.2485919698217,
    1964.7495270112192,
    1976.1662228545144,
    1986.6679243395479,
    0.2990453623194979,
    0.2954723779972657,
    0.29936059923193026,
    0.29098937488167703,
    0.29614650154726174,
    0.2844864847564088,
    0.2806255794648423,
    0.2693100150086261,
    0.2862510537624848,
    0.2733372085417433,
    5.002162860995461,
    4.999624914297872,
    5.001454755259787,
    4.99869732786749,
    4.998435073383258,
    5.001536315794573,
    5.000919170359523,
    5.000560426378662,
    5.001423623537822,
    5.000817959129061
  ],
  "wall_time_sec": 643.3424153849483
}