{
  "idx": 19,
  "T0": 0.5,
  "sigma": 1e-08,
  "n_iter": 250000,
  "thinning": 10,
  "final_mse": 606.179457118415,
  "final_x": [
    1889.5473483005667,
    1901.8387614760543,
    1913.2588321952587,
    1923.2358477314658,
    1933.526245130735,
    1943.724485962407,
    1953.881712746372,
    1964.4968778492575,
    1975.955150690763,
    1986.7240078642008,
    0.2616095466182314,
    0.23355538870343573,
    0.28275485779440435,
    0.23206612378256544,
    0.24621090048136315,
    0.2106862750952109,
    0.18856138112681287,
    0.15820356109695163,
    0.23128350728323574,
    0.1844305470655325,
    4.624291421770301,
    4.536690108963956,
    4.837770263177005,
    4.56090498910589,
    4.589018065739139,
    4.693465807471902,
    4.511647754987901,
    4.28832149336049,
    4.862901591201494,
    4.529579239210547
  ],
  "wall_time_sec": 640.2476136498153
}