{
  "idx": 32,
  "T0": 2.0,
  "sigma": 1e-11,
  "n_iter": 250000,
  "thinning": 10,
  "final_mse": 2869.735608283809,
  "final_x": [
    1890.16844500543,
    1901.9980553229561,
    1913.58422921072,
    1923.581721403951,
    1933.6668610886923,
    1944.0818825477302,
    1954.2512874057438,
    1964.748541430331,
    1976.1693669926165,
    1986.666720667528,
    0.2999161716430758,
    0.2966748297298965,
    0.2998595333114965,
    0.29831738615071124,
    0.30000286452295594,
    0.29046888367918927,
    0.2878402940270439,
    0.2816475428272898,
    0.2915711473564096,
    0.2828581159811153,
    4.998644022508662,
    4.9998340225301225,
    5.002650566182968,
    4.997974633282134,
    5.001424741690852,
    5.001222030967593,
    5.00125352432245,
    5.001088839820047,
    4.996106776094547,
    4.998008574546739
  ],
  "wall_time_sec": 630.6842361278832
}