{
  "T0": 0.5,
  "sigma": 1e-06,
  "n_chains": 32,
  "n_iter": 250000,
  "burn_in": 200000,
  "n_workers": 32,
  "wall_time_sec": 540.1402026638389,
  "wall_time_per_iter_sec": 0.0021605608106553555,
  "final_mse": 562.1008178935788,
  "chain_mse_mean": 563.1582134783835,
  "chain_mse_std": 0.7176868534054218,
  "center_of_mass": [
    1878.5024356839,
    1889.4701546235942,
    1901.6583205678774,
    1913.502226853213,
    1923.150979246643,
    1933.7062954332882,
    1943.9517786665822,
    1954.2703526004495,
    1964.1628106468481,
    1976.2826666446888,
    0.262086587396882,
    0.22662824051340946,
    0.28457995395440133,
    0.21308562488494892,
    0.2430092766293281,
    0.19960796230549313,
    0.1765034899725462,
    0.14024416913778695,
    0.25035841618981985,
    0.16861786126032355,
    4.6446074911880855,
    4.4294317651982755,
    4.8696173033082335,
    4.261311594936726,
    4.541188443954053,
    4.49324759383421,
    4.2799629712417,
    3.898411682768731,
    5.188805688514833,
    4.2196353447679344
  ],
  "has_numba": true,
  "n_total_samples": 1600000
}