{
  "T0": 0.5,
  "sigma": 1e-06,
  "n_chains": 32,
  "n_iter": 250000,
  "burn_in": 200000,
  "n_workers": 32,
  "wall_time_sec": 537.0989197567105,
  "wall_time_per_iter_sec": 0.002148395679026842,
  "final_mse": 562.1253181937858,
  "chain_mse_mean": 563.139499991673,
  "chain_mse_std": 0.5629081553439925,
  "center_of_mass": [
    1878.5103300034389,
    1889.4779716035114,
    1901.671490822841,
    1913.4836922254533,
    1923.1620628003711,
    1933.7061541132948,
    1943.9576439477694,
    1954.2715086114536,
    1964.1498462076268,
    1976.293453876533,
    0.26184913286115813,
    0.22639946501748698,
    0.2835742645812148,
    0.21412428482713836,
    0.2419026502625228,
    0.19970717940216628,
    0.1764019246930203,
    0.14018761707814,
    0.2510975361962544,
    0.1681422629784555,
    4.64112557257888,
    4.425844725428917,
    4.856343879016418,
    4.277384722032934,
    4.525020310043338,
    4.494803393172864,
    4.278092944116458,
    3.8969974535126144,
    5.202328826116274,
    4.209778929026912
  ],
  "has_numba": true,
  "n_total_samples": 1600000
}