{
  "idx": 7,
  "T0": 0.1,
  "sigma": 0.0001,
  "n_iter": 250000,
  "thinning": 10,
  "final_mse": 660.3340974062372,
  "final_x": [
    1878.5244660051544,
    1889.8392590369904,
    1901.9970384400162,
    1913.342287605275,
    1923.1244590129559,
    1933.4819747738832,
    1943.725356304428,
    1953.7798284198666,
    1964.4499711404558,
    1976.0056973773892,
    0.26962226610920875,
    0.2392425236282954,
    0.30180445162676145,
    0.2412242124128345,
    0.2514270799586171,
    0.20930917917568356,
    0.19276487600169692,
    0.16855411462228656,
    0.24320178384089092,
    0.19062410119413,
    4.718601903037633,
    4.5871559536732525,
    5.0048233619092,
    4.676852391303641,
    4.763452318013843,
    4.773793683874622,
    4.588021010664747,
    4.478738420592257,
    5.029219148350893,
    4.652657019961536
  ],
  "wall_time_sec": 638.7545133419335
}