{
  "idx": 55,
  "T0": 8.0,
  "sigma": 0.0001,
  "n_iter": 250000,
  "thinning": 10,
  "final_mse": 613.5489901445987,
  "final_x": [
    1878.3007334169572,
    1889.4103625635296,
    1901.4191145915217,
    1913.0914689640085,
    1923.206760468053,
    1933.8699472296878,
    1943.3126253292935,
    1954.030500037313,
    1964.4819838840858,
    1975.9153771202161,
    0.2836086920542872,
    0.2434050337924486,
    0.30058806927675846,
    0.22472153204045525,
    0.25591218300519314,
    0.1855513746143244,
    0.208917019441497,
    0.1493612852899079,
    0.23449725990960238,
    0.1828608911214532,
    4.8804518408109425,
    4.698603339437908,
    5.030618338077414,
    4.459937547137588,
    4.581101373320569,
    4.240450277723771,
    4.865865240559624,
    4.104183773672424,
    4.885989158072141,
    4.5314123542480935
  ],
  "wall_time_sec": 603.4981484487653
}