{
  "idx": 56,
  "T0": 10.0,
  "sigma": 1e-11,
  "n_iter": 250000,
  "thinning": 10,
  "final_mse": 3126.226361849876,
  "final_x": [
    1878.917326086962,
    1890.1666870636311,
    1901.9999595897098,
    1913.5840195032777,
    1923.5831070599268,
    1933.665556712923,
    1944.082030525956,
    1954.2504462819743,
    1964.7481620593967,
    1976.1644490746212,
    0.2985665898648047,
    0.29893758314380464,
    0.29945478974618844,
    0.30283558354712226,
    0.29927661466592653,
    0.29782327492601385,
    0.29525198427837507,
    0.29390300558410887,
    0.2976570088628832,
    0.2954599618503264,
    4.996181550389422,
    5.000044013516291,
    4.997625199497954,
    5.001389611109237,
    4.99802375466352,
    4.999886947227151,
    5.000067571202401,
    5.000861432548079,
    4.998561720760201,
    5.001725181996149
  ],
  "wall_time_sec": 639.8496742546558
}