{
  "idx": 60,
  "T0": 10.0,
  "sigma": 1e-07,
  "n_iter": 250000,
  "thinning": 10,
  "final_mse": 609.8027630234327,
  "final_x": [
    1878.6061081039445,
    1889.6264555490336,
    1901.9412892406467,
    1913.3626346898338,
    1923.3139356657273,
    1933.4490969968015,
    1943.7777600579007,
    1954.0359008505782,
    1964.423800028437,
    1975.9803764658586,
    0.26885199162733603,
    0.2400815409931661,
    0.278567177546798,
    0.2423489478144356,
    0.2494015662329315,
    0.21931857537624966,
    0.18584842558569784,
    0.15087150104740815,
    0.23669300542457397,
    0.18301419335047733,
    4.738783899590565,
    4.62886768628865,
    4.790765723702793,
    4.7110537952773575,
    4.628523544368961,
    4.840064481232463,
    4.460529513777113,
    4.131984143138813,
    4.952678976741569,
    4.504117540527405
  ],
  "wall_time_sec": 638.3391785435379
}