{
  "idx": 14,
  "T0": 0.2,
  "sigma": 9.999999999999999e-06,
  "n_iter": 250000,
  "thinning": 10,
  "final_mse": 592.3254830126755,
  "final_x": [
    1878.4742109273834,
    1889.50598507164,
    1901.759653677367,
    1913.2315363466257,
    1923.1081285601758,
    1933.49301743626,
    1943.736968101082,
    1953.9419035644257,
    1964.4966461461488,
    1976.028424486543,
    0.26832998497152527,
    0.2357019004274452,
    0.28671633078481623,
    0.23061044613703105,
    0.24749096110367616,
    0.2152059981032642,
    0.19108593824010056,
    0.15538961182043579,
    0.23403303660613625,
    0.18343271689425827,
    4.718750870077488,
    4.555281244140062,
    4.873433334747805,
    4.548786897673326,
    4.617874287565613,
    4.779050933038141,
    4.544367670448769,
    4.2195427991119,
    4.899770199488451,
    4.485180364361115
  ],
  "wall_time_sec": 638.0880094692111
}