{
  "idx": 13,
  "T0": 0.2,
  "sigma": 1e-06,
  "n_iter": 250000,
  "thinning": 10,
  "final_mse": 564.2302786931918,
  "final_x": [
    1878.5647621922465,
    1889.5072024302299,
    1901.7605582496826,
    1913.364510560587,
    1923.2214186329215,
    1933.6777608255538,
    1943.9422415590834,
    1954.2470122110433,
    1964.1434776272179,
    1976.2830525480651,
    0.25775183237257593,
    0.22602306037894832,
    0.2780973848531137,
    0.21999556481136257,
    0.23751883792692138,
    0.2015580196431164,
    0.17719102974837184,
    0.14135269032167277,
    0.2496419262204592,
    0.16923056636048264,
    4.582240450570755,
    4.423017534081751,
    4.794126269130824,
    4.383229556474573,
    4.453058836182126,
    4.527197678275451,
    4.294774179108088,
    3.9215751680125317,
    5.179657399266977,
    4.231819276947183
  ],
  "wall_time_sec": 635.8109151795506
}