{
  "idx": 1,
  "T0": 0.1,
  "sigma": 1e-10,
  "n_iter": 250000,
  "thinning": 10,
  "final_mse": 1164.1957210207067,
  "final_x": [
    1878.8864984753875,
    1890.1218761320024,
    1901.9875748863462,
    1913.5478488279255,
    1923.5591796298656,
    1933.6389553653662,
    1944.0104566699413,
    1954.1123882765253,
    1964.7218397532472,
    1976.1090073098676,
    0.2897073299842112,
    0.27099929600351175,
    0.29395066098188843,
    0.26240249167169905,
    0.2763437697501587,
    0.22777675238023276,
    0.21341728632760287,
    0.18901967934849997,
    0.23939081961158062,
    0.2072048994606466,
    4.981225205370899,
    4.974155776092862,
    4.980941565250224,
    4.9671440207091155,
    4.968952614884158,
    4.973240231114355,
    4.9350212397944375,
    4.872486388479238,
    4.986303007547336,
    4.937793780363097
  ],
  "wall_time_sec": 620.1153005547822
}