{
  "idx": 48,
  "T0": 8.0,
  "sigma": 1e-11,
  "n_iter": 250000,
  "thinning": 10,
  "final_mse": 3101.435677035226,
  "final_x": [
    1878.9169344870165,
    1890.1678059001154,
    1902.0007021288243,
    1913.5820297949856,
    1923.5827293852474,
    1933.6648751788894,
    1944.0832582375963,
    1954.2503349961157,
    1964.7536889605665,
    1976.1694025866614,
    0.3015702812073926,
    0.3014756264589282,
    0.2987125057523295,
    0.29820103269197973,
    0.29948838360960706,
    0.29710624934745955,
    0.29560315829043393,
    0.29161594545707603,
    0.2992225710963675,
    0.293721733635342,
    4.999040436866995,
    5.000657095569292,
    4.998964596304037,
    5.002930585856915,
    4.999606130661265,
    4.998640824557683,
    5.002938886462318,
    4.998802453427395,
    5.000133520661985,
    4.999088643964743
  ],
  "wall_time_sec": 643.5006579905748
}