{
  "idx": 20,
  "T0": 0.5,
  "sigma": 1e-07,
  "n_iter": 250000,
  "thinning": 10,
  "final_mse": 566.1473034909352,
  "final_x": [
    1878.4885979902147,
    1889.5365031174024,
    1901.7502596689615,
    1913.419323879824,
    1923.0957321185513,
    1933.5764776909527,
    1943.9499618911523,
    1954.2703329176256,
    1964.338012515999,
    1976.2305627585004,
    0.26372303755930654,
    0.22261210829205305,
    0.27718985212718095,
    0.2181279525886591,
    0.24585331481160264,
    0.20740875199363104,
    0.1767463915158245,
    0.14025047925436454,
    0.23922467440280568,
    0.17117427202863206,
    4.668524101010584,
    4.367360137932801,
    4.769015921000395,
    4.34669042174526,
    4.58505221638465,
    4.630397390442744,
    4.2865006747033965,
    3.8971102043030053,
    5.006563027397911,
    4.2720591692008
  ],
  "wall_time_sec": 627.7504214011133
}