{
  "idx": 10,
  "T0": 0.2,
  "sigma": 1e-09,
  "n_iter": 250000,
  "thinning": 10,
  "final_mse": 772.7104973026605,
  "final_x": [
    1878.8197946081689,
    1889.9450483432536,
    1901.9502276009737,
    1913.434025904599,
    1923.461865711188,
    1933.5625205953381,
    1943.8369717744195,
    1953.838823294429,
    1964.655127113002,
    1975.9453458234154,
    0.28254349501444737,
    0.2563136004783093,
    0.2909137866361674,
    0.2514779874302799,
    0.26607325281210203,
    0.22173107114202847,
    0.20071007225585738,
    0.16934570042823394,
    0.2355187042482997,
    0.19491997717478896,
    4.901275687491291,
    4.81843984446469,
    4.93958484594094,
    4.839916338465769,
    4.851547269940048,
    4.8823397660804995,
    4.728002410253709,
    4.520061629403726,
    4.93332890784499,
    4.731723028238849
  ],
  "wall_time_sec": 632.3181002140045
}