{
  "idx": 53,
  "T0": 8.0,
  "sigma": 1e-06,
  "n_iter": 250000,
  "thinning": 10,
  "final_mse": 575.8757799978504,
  "final_x": [
    1878.9035230599895,
    1889.6596023423763,
    1901.5849025299801,
    1913.468829175636,
    1923.1446755339996,
    1933.418830050417,
    1943.6888156990046,
    1954.342395977921,
    1964.0686339227263,
    1976.0702709121615,
    0.24030978919349646,
    0.21799252729312324,
    0.2852240640082879,
    0.21636716466952552,
    0.24217632780511594,
    0.215331536120161,
    0.1879001136477979,
    0.13613995934174938,
    0.25404952111043116,
    0.18069198255193317,
    4.337312700192486,
    4.292307270279666,
    4.887658948587678,
    4.307038995534652,
    4.518641555079149,
    4.764198708423924,
    4.508055057134909,
    3.8108878799931136,
    5.262456781242545,
    4.45881461461505
  ],
  "wall_time_sec": 638.5600679330528
}