{
  "idx": 30,
  "T0": 1.0,
  "sigma": 9.999999999999999e-06,
  "n_iter": 250000,
  "thinning": 10,
  "final_mse": 571.0109979811838,
  "final_x": [
    1878.3436365394225,
    1889.5722434794654,
    1901.752501043612,
    1913.422571368796,
    1922.943207025654,
    1933.7653488150079,
    1943.7569308562906,
    1954.344142504754,
    1964.363330770027,
    1976.1940008005713,
    0.2696026727920272,
    0.22191073782679996,
    0.28521248876168526,
    0.21270125001587248,
    0.2524879051949783,
    0.19540119937582928,
    0.18681423650227755,
    0.13728293017343618,
    0.24366111708580934,
    0.17339162150119722,
    4.757102469691986,
    4.346590881890527,
    4.893073718559817,
    4.278853373205309,
    4.664054344854447,
    4.430303192590168,
    4.466882738368004,
    3.825250486652102,
    5.059014366555767,
    4.324039985476986
  ],
  "wall_time_sec": 625.5599347613752
}