{
  "idx": 52,
  "T0": 8.0,
  "sigma": 1e-07,
  "n_iter": 250000,
  "thinning": 10,
  "final_mse": 617.4417984262644,
  "final_x": [
    1878.812062603714,
    1889.5937608673482,
    1901.836572054002,
    1913.1549114672662,
    1923.1084581813786,
    1933.3410734014,
    1943.6672639223198,
    1953.9154761476043,
    1964.5769577244087,
    1976.0013907766945,
    0.26838113907640143,
    0.23624733639419734,
    0.27961385517603765,
    0.23627949932386486,
    0.26533484709175204,
    0.2228084992525714,
    0.1928724475542199,
    0.15703355772646566,
    0.23558506507082427,
    0.18176306464901956,
    4.718008735029746,
    4.5786589915265985,
    4.791410621790562,
    4.618524962381155,
    4.861505518404737,
    4.909057283749192,
    4.603292517674457,
    4.256820782052931,
    4.932933141276913,
    4.48175194459448
  ],
  "wall_time_sec": 615.6762276440859
}