{
  "idx": 50,
  "T0": 8.0,
  "sigma": 1e-09,
  "n_iter": 250000,
  "thinning": 10,
  "final_mse": 1339.3126917806069,
  "final_x": [
    1878.897783131707,
    1890.1419708151998,
    1902.0062859126733,
    1913.5822532605366,
    1923.5748382634554,
    1933.6493597872611,
    1944.0793395448945,
    1954.2268750864214,
    1964.7724924413662,
    1976.1804363988922,
    0.291717433308097,
    0.27111142186787734,
    0.295286649430533,
    0.2655670725310283,
    0.27697586651651196,
    0.22816642196214426,
    0.2178472191327968,
    0.1956057691086774,
    0.2388121892068471,
    0.21190817013578975,
    5.000886682034202,
    4.976044866070798,
    4.9848028212600815,
    5.023414934360247,
    4.983670050909997,
    4.982872906276306,
    4.987818746019842,
    4.966451511825566,
    4.987853567809162,
    5.016780505881476
  ],
  "wall_time_sec": 617.7676179334521
}