{
  "idx": 12,
  "T0": 0.2,
  "sigma": 1e-07,
  "n_iter": 250000,
  "thinning": 10,
  "final_mse": 562.5645737025742,
  "final_x": [
    1878.4694262018224,
    1889.4883630454033,
    1901.7148717519135,
    1913.5029791823647,
    1923.1468138593555,
    1933.6883015955564,
    1943.9394461548907,
    1954.2605476298854,
    1964.180052574388,
    1976.3137261716797,
    0.26265341857952235,
    0.2257075483794006,
    0.2783660795699293,
    0.213483676269036,
    0.2419834308752307,
    0.2002820238757052,
    0.17747722947575584,
    0.14045723621824416,
    0.24856572218193423,
    0.1668567144764325,
    4.656078177529267,
    4.418769577723456,
    4.788393215101211,
    4.26637371834636,
    4.52586156223021,
    4.505212980682193,
    4.298236107181695,
    3.9035609384995382,
    5.16156334153567,
    4.186651540988459
  ],
  "wall_time_sec": 635.840414300561
}