{
  "idx": 25,
  "T0": 1.0,
  "sigma": 1e-10,
  "n_iter": 250000,
  "thinning": 10,
  "final_mse": 1339.3776470142286,
  "final_x": [
    1878.920115693196,
    1890.1592806001902,
    1901.99942267243,
    1913.5827685901716,
    1923.5829093374227,
    1933.6611162294232,
    1944.0716127387802,
    1954.2268423675398,
    1964.7482677973442,
    1976.1585650722259,
    0.29213054592785126,
    0.274591729415156,
    0.29618513121435563,
    0.26531011335176263,
    0.2795320869302051,
    0.22880279776807344,
    0.21707070344997845,
    0.1959852025872903,
    0.24015164190155158,
    0.21127277330913993,
    4.997763024921789,
    4.997238460812686,
    4.999945924896572,
    4.994519607478615,
    4.999647718977359,
    4.993271352700101,
    4.986674167201606,
    4.9760450196316155,
    5.000446948195413,
    5.001700311406916
  ],
  "wall_time_sec": 637.0717160515487
}