{
  "idx": 15,
  "T0": 0.2,
  "sigma": 0.0001,
  "n_iter": 250000,
  "thinning": 10,
  "final_mse": 680.2363482691687,
  "final_x": [
    1878.724567691971,
    1889.769654507823,
    1901.7590823425548,
    1913.4711669202052,
    1923.4533041756176,
    1933.3370356927094,
    1943.7059939097762,
    1953.8658406946247,
    1964.639288242158,
    1975.9507979122063,
    0.26265984214655763,
    0.23990232932019556,
    0.2961349543894488,
    0.24044132505766086,
    0.26603357604880246,
    0.23065800793734648,
    0.19865932611019094,
    0.1642082193711848,
    0.23513236925018557,
    0.18879938974135776,
    4.7351350512833426,
    4.674316548904818,
    5.067470222452836,
    4.623420349362611,
    4.787022783080383,
    5.034405614522879,
    4.6699678575278485,
    4.386093804188743,
    4.958262153380706,
    4.576584677558578
  ],
  "wall_time_sec": 616.643173314631
}