{
  "idx": 38,
  "T0": 2.0,
  "sigma": 9.999999999999999e-06,
  "n_iter": 250000,
  "thinning": 10,
  "final_mse": 567.9736881092591,
  "final_x": [
    1878.4032800463615,
    1889.5770583803449,
    1901.937496779561,
    1913.4672697637095,
    1923.198868824582,
    1933.7784831370702,
    1943.8229559261417,
    1954.2378908919409,
    1964.2383118857172,
    1976.2929631790798,
    0.2702997015963527,
    0.221672140954929,
    0.2598384881845917,
    0.21410762417475332,
    0.23097781564992903,
    0.1958226070080743,
    0.17993438052426175,
    0.14211030815091202,
    0.24477610392908625,
    0.16931444866021567,
    4.772954931210766,
    4.355971360327536,
    4.556875991281696,
    4.292713045674881,
    4.3902133804724555,
    4.437625935862462,
    4.350905828366806,
    3.9416401405655104,
    5.110942817315287,
    4.243445518097616
  ],
  "wall_time_sec": 625.0223059505224
}