{
  "idx": 27,
  "T0": 1.0,
  "sigma": 1e-08,
  "n_iter": 250000,
  "thinning": 10,
  "final_mse": 633.0222315915556,
  "final_x": [
    1878.662812504108,
    1889.7013296395714,
    1901.8744674829038,
    1913.3082563024243,
    1923.2973428398655,
    1933.4735344584913,
    1943.6931600931753,
    1953.869371548761,
    1964.5627251359122,
    1975.848686467814,
    0.27538720191119404,
    0.23820412883155476,
    0.2890394374625749,
    0.23953017374132063,
    0.25513990037466927,
    0.2162795785959452,
    0.1928039070746489,
    0.15916380936559438,
    0.23003833306393257,
    0.19134707135756523,
    4.815098962147518,
    4.589167487876821,
    4.917670092368619,
    4.678252672588228,
    4.713601694034691,
    4.785357924120186,
    4.595999262561268,
    4.311953001107493,
    4.846907565056087,
    4.664601392211072
  ],
  "wall_time_sec": 625.4565317481756
}