{
  "idx": 23,
  "T0": 0.5,
  "sigma": 0.0001,
  "n_iter": 250000,
  "thinning": 10,
  "final_mse": 690.3507692727866,
  "final_x": [
    1878.635017402741,
    1889.80191227043,
    1901.795100248084,
    1913.3900554322463,
    1923.3795915031294,
    1933.5011720189564,
    1943.8114633373677,
    1953.6399867232967,
    1964.5511305790708,
    1975.7353082540692,
    0.2923794417011453,
    0.23744947284842235,
    0.29443590105652934,
    0.25356449117995983,
    0.2656702191195093,
    0.21297438120957132,
    0.18476839359744954,
    0.17409790122872434,
    0.22848227329093362,
    0.19462491894054035,
    5.040700985713494,
    4.580885946590763,
    4.963352524866023,
    4.810050181764726,
    4.814347016619212,
    4.751240196015528,
    4.429889144868047,
    4.583250143115816,
    4.864577817045578,
    4.715669515460592
  ],
  "wall_time_sec": 604.6795278564095
}