{
  "idx": 3,
  "T0": 0.1,
  "sigma": 1e-08,
  "n_iter": 250000,
  "thinning": 10,
  "final_mse": 569.4428554614911,
  "final_x": [
    1878.4794112487982,
    1889.530003296953,
    1901.7073370099736,
    1913.3132619330227,
    1923.1594092814983,
    1933.608546359397,
    1943.8630018338454,
    1954.1905252739093,
    1964.3318825992053,
    1976.1216315436607,
    0.26403733519779043,
    0.2229472497422339,
    0.2817644634176407,
    0.22475636773100097,
    0.24108962472816567,
    0.20513751594174806,
    0.18083628070483102,
    0.14386469043719932,
    0.23965490317425983,
    0.17616949279004493,
    4.672407331251621,
    4.374123789289257,
    4.8306879498873725,
    4.446488852970511,
    4.512385566558013,
    4.592172848939246,
    4.363339739744936,
    3.9797279506580545,
    5.0104784994757825,
    4.369703948922315
  ],
  "wall_time_sec": 638.5399949848652
}