{
  "idx": 37,
  "T0": 2.0,
  "sigma": 1e-06,
  "n_iter": 250000,
  "thinning": 10,
  "final_mse": 565.1937444707102,
  "final_x": [
    1878.6829459507028,
    1889.4724403699954,
    1901.5564524926097,
    1913.4173373214257,
    1923.1247249828177,
    1933.5438633513481,
    1943.9675203246907,
    1954.2533533919607,
    1964.1633852631492,
    1976.2575522523555,
    0.2524069589863411,
    0.22334103992823617,
    0.28951682606137347,
    0.21801609228191043,
    0.24356499038884197,
    0.20953012320199169,
    0.17585565865388694,
    0.14050075030162612,
    0.24839797249913506,
    0.16943955172990877,
    4.497397416306798,
    4.3807339999343515,
    4.939858403795693,
    4.353374636036664,
    4.548756315126822,
    4.665830170499473,
    4.260741757456829,
    3.9029063774308104,
    5.171922470843723,
    4.2316313151594125
  ],
  "wall_time_sec": 660.8463622294366
}