{
  "idx": 57,
  "T0": 10.0,
  "sigma": 1e-10,
  "n_iter": 250000,
  "thinning": 10,
  "final_mse": 2424.8568530234998,
  "final_x": [
    1878.9204076230758,
    1890.162849553999,
    1901.9968715144878,
    1913.5766861746747,
    1923.58452354564,
    1933.6608533970505,
    1944.0764768789425,
    1954.2432542531171,
    1964.7518054911961,
    1976.1684660319322,
    0.2933886317465669,
    0.2913132919532829,
    0.3028224362772866,
    0.2914461660166198,
    0.29406774483423287,
    0.26817160789812516,
    0.26899142426610584,
    0.2591563970191747,
    0.2779738057521741,
    0.2793180907095503,
    5.006010348912758,
    4.992708380154152,
    5.000322980382479,
    4.994844198643323,
    5.0029831526319315,
    5.00124405569217,
    4.998882089267572,
    4.999116080474471,
    4.999131245901788,
    4.993708855924819
  ],
  "wall_time_sec": 638.9320840723813
}