{
  "idx": 33,
  "T0": 2.0,
  "sigma": 1e-10,
  "n_iter": 250000,
  "thinning": 10,
  "final_mse": 1378.5573886135958,
  "final_x": [
    1878.9164714167719,
    1890.1667203173274,
    1902.005088149659,
    1913.5728776829883,
    1923.5833166128132,
    1933.6651154275482,
    1944.0791441523745,
    1954.2394338836687,
    1964.7454025357144,
    1976.1628837294013,
    0.2955755888086868,
    0.28209641569270155,
    0.2979158943192426,
    0.2744094230130558,
    0.2880825711263257,
    0.23425831927554086,
    0.21978438725523464,
    0.19752460544273084,
    0.24552873454486027,
    0.2120089500527828,
    5.004223329052853,
    5.0052168188837465,
    5.002127624843312,
    5.0046493491913475,
    4.99612034583984,
    5.015563697423241,
    5.00980370637891,
    4.996245375309288,
    5.0099114214710445,
    5.001279597086037
  ],
  "wall_time_sec": 623.785199444741
}