{
  "idx": 36,
  "T0": 2.0,
  "sigma": 1e-07,
  "n_iter": 250000,
  "thinning": 10,
  "final_mse": 572.1113174117049,
  "final_x": [
    1878.4009766542476,
    1889.4455098056808,
    1901.7592098304565,
    1913.3200180131953,
    1923.2475332487331,
    1933.5645256674063,
    1943.790592443885,
    1954.1673496333158,
    1964.3635445546845,
    1976.0941178373869,
    0.2695433570298969,
    0.22787365345314198,
    0.27906067129792794,
    0.2232041520397551,
    0.23595272987964,
    0.20836199326733126,
    0.18452059155906045,
    0.14470450634902923,
    0.23915860910610448,
    0.1777603001419569,
    4.745474795393044,
    4.447592390804991,
    4.797616995030661,
    4.423253190017835,
    4.438337782297775,
    4.6450722069519355,
    4.430138940146359,
    3.9998204272666036,
    4.997655060008396,
    4.398578241018755
  ],
  "wall_time_sec": 620.6897505633533
}