{
  "idx": 54,
  "T0": 8.0,
  "sigma": 9.999999999999999e-06,
  "n_iter": 250000,
  "thinning": 10,
  "final_mse": 574.7817373311947,
  "final_x": [
    1878.2709557116739,
    1889.055856965867,
    1901.4986278154918,
    1913.3752239895457,
    1923.1556095486537,
    1933.7540028004823,
    1943.9192057193764,
    1954.0703369513692,
    1964.275010299623,
    1976.3073156914566,
    0.2754793600383603,
    0.24312847921298833,
    0.2975652871574488,
    0.22317586908819897,
    0.23882157898355044,
    0.1940183521083847,
    0.17763623817691165,
    0.1478812234310792,
    0.23850054502702156,
    0.16722911339666785,
    4.8708177344724675,
    4.666012343765258,
    5.078375440959819,
    4.379041768724734,
    4.521918997536976,
    4.4137948231795265,
    4.299077080326949,
    4.065572236423384,
    4.998503817144109,
    4.191819342489415
  ],
  "wall_time_sec": 621.2029979489744
}