{
  "idx": 62,
  "T0": 10.0,
  "sigma": 9.999999999999999e-06,
  "n_iter": 250000,
  "thinning": 10,
  "final_mse": 577.7025671622556,
  "final_x": [
    1878.4960778332168,
    1889.625364644867,
    1901.6893359504463,
    1913.2411288131927,
    1922.6449534623746,
    1933.7100752531603,
    1944.0707160791032,
    1954.4381790630225,
    1963.7459615660166,
    1976.1306081402054,
    0.2610715132293192,
    0.22217925227920013,
    0.28766609881724375,
    0.2252485991453796,
    0.27114441274814083,
    0.19982112885397066,
    0.17041300186000002,
    0.13491990575647098,
    0.2773514506330551,
    0.17602807367257484,
    4.628479823236874,
    4.333694009991479,
    4.8587558953495895,
    4.465160022460662,
    4.994397929289594,
    4.501707413507936,
    4.159615431478588,
    3.7717642902440103,
    5.654131568743861,
    4.374005402961428
  ],
  "wall_time_sec": 624.3462318331003
}