{
  "idx": 4,
  "T0": 0.1,
  "sigma": 1e-07,
  "n_iter": 250000,
  "thinning": 10,
  "final_mse": 562.0345849556007,
  "final_x": [
    1878.5731385415038,
    1889.478855556095,
    1901.6527835341337,
    1913.5339853204289,
    1923.1321147514866,
    1933.7014194869307,
    1943.9935126929006,
    1954.2750689826582,
    1964.175503525171,
    1976.2929943631832,
    0.2579365326463791,
    0.2264642893870045,
    0.2830095000924809,
    0.2112996126772708,
    0.24417055008381894,
    0.20011551939605804,
    0.17437504965988668,
    0.1400725232845289,
    0.24971150082769303,
    0.16816770333349984,
    4.584357596258985,
    4.433112833969438,
    4.854694335635237,
    4.2304573767117635,
    4.5590986118235115,
    4.507382153883807,
    4.238844245892813,
    3.8937463051050014,
    5.179866512035624,
    4.2099203068037365
  ],
  "wall_time_sec": 619.3969194404781
}