{
  "idx": 40,
  "T0": 5.0,
  "sigma": 1e-11,
  "n_iter": 250000,
  "thinning": 10,
  "final_mse": 3050.463288349079,
  "final_x": [
    1878.9169562126624,
    1890.1645865784665,
    1901.9981850034326,
    1913.58557148463,
    1923.5852763206376,
    1933.6646157110363,
    1944.08291029305,
    1954.2505245521454,
    1964.7488087232257,
    1976.1666596662963,
    0.3009013228965352,
    0.2963495489849959,
    0.2985932262894002,
    0.29978232228826907,
    0.2983700391118573,
    0.29724574275774135,
    0.29119070744169034,
    0.29188413461070156,
    0.29556324182554505,
    0.29126755741164895,
    5.00056545082051,
    4.998913922148761,
    4.999610664985124,
    5.001044275871925,
    4.997661791153054,
    4.9995403476862,
    5.001693531970897,
    5.00211104359016,
    5.000438135039714,
    4.999907478056585
  ],
  "wall_time_sec": 617.8359366841614
}