{
  "idx": 0,
  "T0": 0.1,
  "sigma": 1e-11,
  "n_iter": 250000,
  "thinning": 10,
  "final_mse": 1379.4593901460255,
  "final_x": [
    1878.9132844167239,
    1890.165022643844,
    1901.9998186695382,
    1913.58024814761,
    1923.58131367398,
    1933.6653008529931,
    1944.0793832816312,
    1954.2422466207086,
    1964.7471093869233,
    1976.1665518152959,
    0.29521711974651615,
    0.282289918452258,
    0.2966568893420934,
    0.274344168429272,
    0.28606697202565107,
    0.23430873572658914,
    0.22096058546033165,
    0.1975966758179929,
    0.24894554708224167,
    0.21223993042546851,
    4.997911601644044,
    4.998597874928214,
    4.997928921365759,
    4.999897677179127,
    4.997285197382105,
    5.001273511329978,
    5.000930039677129,
    4.997326131715575,
    5.004151753863034,
    4.999422633845402
  ],
  "wall_time_sec": 638.9649092257023
}