{
  "T0": 0.5,
  "sigma": 1e-06,
  "n_chains": 32,
  "n_iter": 250000,
  "burn_in": 200000,
  "n_workers": 16,
  "wall_time_sec": 990.0896435938776,
  "wall_time_per_iter_sec": 0.0039603585743755105,
  "final_mse": 562.230309108363,
  "chain_mse_mean": 563.3128385859632,
  "chain_mse_std": 0.7267247291121097,
  "center_of_mass": [
    1878.5011896150704,
    1889.4748483131716,
    1901.6746870939253,
    1913.492770795911,
    1923.1506945409058,
    1933.6870121093898,
    1943.9448230735265,
    1954.279114461555,
    1964.146280117164,
    1976.2910740600514,
    0.2622409616726927,
    0.22653048089489664,
    0.2827928162348291,
    0.21384532800144435,
    0.24239528491868526,
    0.20064923107597565,
    0.1769776283111789,
    0.13981151742291373,
    0.25130168557495924,
    0.1682964090132499,
    4.646985407092505,
    4.427927576423511,
    4.845832841443877,
    4.2738997636153755,
    4.532769944237491,
    4.511948176119501,
    4.289474161149188,
    3.8885825167200783,
    5.2054248988586185,
    4.213253424813483
  ],
  "has_numba": true,
  "n_total_samples": 1600000,
  "avg_iter_time_sec": 0.0019463450941257178,
  "std_iter_time_sec": 6.0887252564976415e-05,
  "min_iter_time_sec": 0.001864064484834671,
  "max_iter_time_sec": 0.005278408527374268
}