{
  "T0": 0.5,
  "sigma": 1e-06,
  "n_chains": 64,
  "n_iter": 500000,
  "burn_in": 400000,
  "n_workers": 32,
  "wall_time_sec": 2145.455954797566,
  "wall_time_per_iter_sec": 0.0042909119095951315,
  "final_mse": 561.1475661737492,
  "chain_mse_mean": 562.0054124665782,
  "chain_mse_std": 0.384456808364904,
  "center_of_mass": [
    1878.4863021061196,
    1889.4709648680407,
    1901.6081490948607,
    1913.588647604509,
    1923.161682677319,
    1933.7415344108902,
    1943.9855148757786,
    1954.2739530754557,
    1964.0664089476772,
    1976.3140411161676,
    0.26298027266707036,
    0.22693396340769367,
    0.2873545395663453,
    0.2077774095872109,
    0.24174676375704915,
    0.19783358430109008,
    0.17498884271449966,
    0.14001878404384585,
    0.25602478748322816,
    0.16712088000345138,
    4.657077849841151,
    4.4345422983734855,
    4.908918790825372,
    4.176661024813648,
    4.52306264736451,
    4.460834875396589,
    4.250499166380568,
    3.8933937624433446,
    5.283722330846166,
    4.189720577180602
  ],
  "has_numba": true,
  "n_total_samples": 6400000,
  "avg_iter_time_sec": 0.0021176865585730413,
  "std_iter_time_sec": 7.264679334436389e-05,
  "min_iter_time_sec": 0.001956198364496231,
  "max_iter_time_sec": 0.006753861904144287
}