{
  "T0": 0.5,
  "sigma": 1e-06,
  "n_chains": 32,
  "n_iter": 500000,
  "burn_in": 400000,
  "n_workers": 32,
  "wall_time_sec": 1073.797398418188,
  "wall_time_per_iter_sec": 0.002147594796836376,
  "final_mse": 561.1694690238533,
  "chain_mse_mean": 562.003724768661,
  "chain_mse_std": 0.3963484446521685,
  "center_of_mass": [
    1878.4817818283811,
    1889.4762531554165,
    1901.6100266561907,
    1913.5872080920767,
    1923.1739442999487,
    1933.74272693096,
    1943.9844407277246,
    1954.2801011502636,
    1964.0572448297958,
    1976.3172975047019,
    0.2630576576346219,
    0.22658603945519462,
    0.28690064168959134,
    0.20780000222284234,
    0.24108935102034623,
    0.19776162706353367,
    0.1749321747104772,
    0.13973998062278406,
    0.25654752271012127,
    0.1669782385408951,
    4.6580495422556,
    4.428516499024714,
    4.902927651095328,
    4.1777656039898545,
    4.513295994433923,
    4.459987526092087,
    4.249764772192102,
    3.8869026082093185,
    5.2922646124925325,
    4.186645241414534
  ],
  "has_numba": true,
  "n_total_samples": 3200000,
  "avg_iter_time_sec": 0.002119203568669036,
  "std_iter_time_sec": 8.705537371158674e-05,
  "min_iter_time_sec": 0.0020758137106895447,
  "max_iter_time_sec": 0.006445638835430145
}