{
  "T0": 0.5,
  "sigma": 1e-06,
  "n_chains": 10,
  "n_iter": 500000,
  "burn_in": 400000,
  "n_workers": 32,
  "wall_time_sec": 934.2826828062534,
  "wall_time_per_iter_sec": 0.0018685653656125068,
  "final_mse": 10875.936931575536,
  "chain_mse_mean": 8374.00875190159,
  "chain_mse_std": 2149.5612843586787,
  "center_of_mass": [
    1858.158905172359,
    1916.8591197273058,
    1897.0006494034758,
    1888.358053723035,
    1935.2039660640694,
    1932.114958060097,
    1906.720642366794,
    1918.2612070453008,
    1968.4168762002548,
    1957.6812395907832,
    0.6878184608251694,
    0.5819535347523347,
    0.4614218649235112,
    0.6387652907020892,
    0.15313729450081898,
    -0.10789824170530035,
    0.4577761235504722,
    0.1306955207151732,
    0.44688098289841216,
    0.08651153049567353,
    14.027350026891932,
    7.728616554223319,
    4.750484789488761,
    10.525565770110445,
    5.630992092693468,
    4.850714204069458,
    4.72578989293376,
    6.524208245639412,
    6.16625530546603,
    5.22243901361769
  ],
  "has_numba": true,
  "avg_iter_time_sec": 0.001783777929097414,
  "std_iter_time_sec": 0.00011945950174841768,
  "min_iter_time_sec": 0.0015404894948005676,
  "max_iter_time_sec": 0.006725627928972244
}