{
  "T0": 10.0,
  "sigma": 1e-05,
  "n_chains": 10,
  "n_iter": 250000,
  "burn_in": 200000,
  "n_workers": 16,
  "wall_time_sec": 493.00306568294764,
  "wall_time_per_iter_sec": 0.0019720122627317907,
  "final_mse": 11397.929471457244,
  "chain_mse_mean": 9399.922538856968,
  "chain_mse_std": 1838.8929219929585,
  "center_of_mass": [
    1869.869122056997,
    1933.0265085905744,
    1907.6426826685777,
    1901.6326934487256,
    1944.9851622555718,
    1942.5776206835064,
    1916.8018829112455,
    1928.578212243999,
    1980.1865403922798,
    1967.947831712728,
    0.08827829971366388,
    0.5942171093861653,
    0.45877095636201276,
    0.3776129237756672,
    0.5932978344710629,
    -0.12682373449676176,
    0.23330388423286572,
    0.28655208296483153,
    0.11157232447251808,
    0.23892355970197662,
    5.435545167177528,
    11.20018126679999,
    5.629323978961056,
    6.037094427488434,
    7.756917726168671,
    4.963773660594259,
    4.936149598705832,
    3.96654502013171,
    5.5135178199191,
    5.255307406320723
  ],
  "has_numba": true
}