{
  "T0": 10.0,
  "sigma": 1e-05,
  "n_chains": 10,
  "n_iter": 250000,
  "burn_in": 100000,
  "n_workers": 16,
  "wall_time_sec": 497.1969377808273,
  "wall_time_per_iter_sec": 0.001988787751123309,
  "final_mse": 11574.284740185823,
  "chain_mse_mean": 9669.071322287939,
  "chain_mse_std": 1666.7887167209553,
  "center_of_mass": [
    1869.9734514843392,
    1932.8441978236165,
    1907.8279824993879,
    1902.0269932363015,
    1945.0137332389568,
    1942.67155651924,
    1916.7745253441385,
    1928.5820854646397,
    1980.3503860728401,
    1968.0561249229133,
    -0.015399959304251762,
    0.4453714894102868,
    0.3346271712102612,
    0.38617880710681884,
    0.5132256941361021,
    0.015845188699532917,
    0.25285494370811046,
    0.3539804877417487,
    -0.02118457074896245,
    0.16354195137825517,
    5.38434087663226,
    9.203381206980053,
    5.098191987940766,
    5.48924734344648,
    7.015214142559697,
    4.868360467075907,
    5.00911995167043,
    3.92483621115939,
    5.450070307301035,
    5.326911227494452
  ],
  "has_numba": true
}