{
  "T0": 0.5,
  "sigma": 1e-06,
  "n_chains": 32,
  "n_iter": 250000,
  "burn_in": 200000,
  "n_workers": 32,
  "wall_time_sec": 537.7017581276596,
  "wall_time_per_iter_sec": 0.002150807032510638,
  "final_mse": 562.1452132133144,
  "chain_mse_mean": 563.3631344630492,
  "chain_mse_std": 0.806337876010561,
  "center_of_mass": [
    1878.5094778677528,
    1889.4918114715115,
    1901.6895186164616,
    1913.5043488719339,
    1923.1577688117832,
    1933.7053218501544,
    1943.9524025410399,
    1954.2739956170603,
    1964.1670847131404,
    1976.288521073936,
    0.2618866542649256,
    0.22567982654038096,
    0.28221119751026935,
    0.2124337051606072,
    0.24217731841772044,
    0.19970232094841198,
    0.17667218643924654,
    0.14007328413865414,
    0.25004249586080646,
    0.16834199065191346,
    4.6422167885423935,
    4.4137330980187865,
    4.838972518280166,
    4.251577816304342,
    4.5296962775139225,
    4.49415079393096,
    4.283258338145755,
    3.894599730192782,
    5.183620348051286,
    4.214158549556549
  ],
  "has_numba": true,
  "n_total_samples": 1600000
}