{
  "T0": 0.5,
  "sigma": 1e-06,
  "n_chains": 64,
  "n_iter": 250000,
  "burn_in": 200000,
  "n_workers": 32,
  "wall_time_sec": 1073.896060552448,
  "wall_time_per_iter_sec": 0.004295584242209792,
  "final_mse": 562.1767256648981,
  "chain_mse_mean": 563.2433592125944,
  "chain_mse_std": 0.6486646553469184,
  "center_of_mass": [
    1878.5086710065707,
    1889.4830753781462,
    1901.6679946821653,
    1913.4852307429583,
    1923.1464974065552,
    1933.7049654831567,
    1943.9527157426396,
    1954.2773984237874,
    1964.1573908316932,
    1976.294602685795,
    0.26190198325220776,
    0.22594396565282265,
    0.2833407914118551,
    0.21403232557240628,
    0.24288689916870643,
    0.19966721630457357,
    0.17655863554429274,
    0.13987410617445778,
    0.25039484109741866,
    0.16805406468077463,
    4.642158295590415,
    4.4190945491477605,
    4.8536838776698925,
    4.276894951788439,
    4.5403279147756095,
    4.493532509050902,
    4.281161359451184,
    3.8900207604524213,
    5.190125264364987,
    4.208450007147519
  ],
  "has_numba": true,
  "n_total_samples": 3200000,
  "avg_iter_time_sec": 0.0021184596783132294,
  "std_iter_time_sec": 0.0001354217084459143,
  "min_iter_time_sec": 0.0020630955696105957,
  "max_iter_time_sec": 0.018736805766820908
}