{
  "idx": 9,
  "T0": 0.2,
  "sigma": 1e-10,
  "n_iter": 250000,
  "thinning": 10,
  "final_mse": 1615.2363002461943,
  "final_x": [
    0.2950943066672241,
    4.994489290065342,
    0.29572122585451793,
    4.986783614992851,
    0.3004376850505918,
    4.997122571579121,
    0.28312681460663386,
    4.994584895671075,
    0.29258162988674297,
    5.003177585032403,
    0.2521704082113646,
    5.006006940778872,
    0.24254884373789465,
    5.003630240676379,
    0.21016965066367993,
    5.002483351616392,
    0.2721510539129527,
    5.0036843081814695,
    0.23141775622066144,
    5.008507411980902
  ],
  "wall_time_sec": 604.3690765909851
}