{
  "idx": 16,
  "T0": 0.5,
  "sigma": 1e-11,
  "n_iter": 250000,
  "thinning": 10,
  "final_mse": 3072.044435233051,
  "final_x": [
    0.2999748568308657,
    4.9983027105384545,
    0.29857988570685196,
    5.000024877026901,
    0.30316579983161,
    4.999919345364282,
    0.29584098334490055,
    4.999168096649053,
    0.29878527635233554,
    5.00197232704725,
    0.29563508331399224,
    4.998391732957516,
    0.29199193972671217,
    4.9991985607831975,
    0.2936545665152809,
    5.002699892490766,
    0.29535667962347784,
    4.997310663271369,
    0.2932464300809405,
    4.998664639040177
  ],
  "wall_time_sec": 622.6177928037941
}