{
  "idx": 28,
  "T0": 1.0,
  "sigma": 1e-07,
  "n_iter": 250000,
  "thinning": 10,
  "final_mse": 618.0824564909085,
  "final_x": [
    0.25897207605475364,
    4.611738156743602,
    0.20467693179032956,
    4.0764824946464255,
    0.28572706291379896,
    4.880879161685842,
    0.2199907811902896,
    4.389148159850818,
    0.22859739683295244,
    4.31815920267809,
    0.20087191147560746,
    4.540847824195857,
    0.17210525361358772,
    4.225827941258743,
    0.14154974407355578,
    3.9380706906437815,
    0.22274036790936003,
    4.7183060954916956,
    0.1738117196893717,
    4.277839300511794
  ],
  "wall_time_sec": 625.699755512178
}