{
  "idx": 31,
  "T0": 1.0,
  "sigma": 0.0001,
  "n_iter": 250000,
  "thinning": 10,
  "final_mse": 685.4200252474476,
  "final_x": [
    0.2728911600582781,
    4.782949483815164,
    0.22694318503871616,
    4.391536648002528,
    0.2820140708844446,
    4.867982738158836,
    0.23831540008018365,
    4.653896430034642,
    0.256084391029534,
    4.70119148659539,
    0.20846885322012454,
    4.6834676694834645,
    0.1778805926743414,
    4.2812301688572445,
    0.1404932332438805,
    3.9185868027035924,
    0.22886683284092954,
    4.774367044024214,
    0.17309208112261693,
    4.3547464806685765
  ],
  "wall_time_sec": 631.4056751467288
}