{
  "idx": 15,
  "T0": 0.2,
  "sigma": 0.0001,
  "n_iter": 250000,
  "thinning": 10,
  "final_mse": 693.5614679158447,
  "final_x": [
    0.27290672617189154,
    4.763755386386282,
    0.23078533813329427,
    4.533573401096536,
    0.28907793650847075,
    4.876764310429301,
    0.2265754935745368,
    4.380113586312877,
    0.24494662910139328,
    4.561382206558102,
    0.2098158749217215,
    4.7278623262048445,
    0.18030293663922273,
    4.359679747200326,
    0.13933306543255294,
    3.9211590775862595,
    0.23907345318314702,
    4.916787617846343,
    0.16523743501195087,
    4.164850723403754
  ],
  "wall_time_sec": 634.3572572991252
}