{
  "idx": 2,
  "T0": 0.1,
  "sigma": 1e-09,
  "n_iter": 250000,
  "thinning": 10,
  "final_mse": 1352.6541578314836,
  "final_x": [
    0.2883071935235605,
    5.001075365652664,
    0.27573676754161175,
    4.997179146299987,
    0.2981396070355035,
    5.016604967847481,
    0.2693030851592853,
    4.988696703701905,
    0.2825305582107582,
    4.988391695539277,
    0.23097837678202843,
    5.019757761686857,
    0.21709078108395832,
    4.980161868439952,
    0.1920702967036407,
    4.9682848312794325,
    0.2420846991231861,
    4.996116861861618,
    0.21115329120176965,
    4.970752036399045
  ],
  "wall_time_sec": 635.0230724774301
}