{
  "idx": 21,
  "T0": 0.5,
  "sigma": 1e-06,
  "n_iter": 250000,
  "thinning": 10,
  "final_mse": 599.174985468163,
  "final_x": [
    0.24235945310195484,
    4.340237934945085,
    0.1844711591354586,
    3.7249316959328773,
    0.25754816803184843,
    4.517821079232083,
    0.2023488198309309,
    4.132734378712048,
    0.22573666292418715,
    4.234157917235059,
    0.1988037407561597,
    4.495450199932358,
    0.17344685205547547,
    4.231878588407739,
    0.14058071144475115,
    3.9163914510385536,
    0.22732715697749623,
    4.793653630267821,
    0.1778459344608845,
    4.386815100144867
  ],
  "wall_time_sec": 599.7508274167776
}