{
  "idx": 39,
  "T0": 2.0,
  "sigma": 0.0001,
  "n_iter": 250000,
  "thinning": 10,
  "final_mse": 675.5208799321284,
  "final_x": [
    0.26569048354201086,
    4.70286210324724,
    0.22898598157795985,
    4.39342724890888,
    0.27708187127901407,
    4.735183625862807,
    0.23211195968957085,
    4.557557451456842,
    0.2514169308275417,
    4.580998700740082,
    0.21135641761861026,
    4.755295027784715,
    0.1784764189077083,
    4.304657827111381,
    0.1410744127712943,
    3.9112955379063234,
    0.22404310326981733,
    4.769033530598403,
    0.18254419219707943,
    4.487170309484865
  ],
  "wall_time_sec": 632.5298967659473
}