{
  "idx": 0,
  "T0": 0.1,
  "sigma": 1e-11,
  "n_iter": 250000,
  "thinning": 10,
  "final_mse": 3045.8040902924313,
  "final_x": [
    0.30142568521913565,
    4.9969348652199415,
    0.3010875032093796,
    4.998696780662132,
    0.30020837191141836,
    5.001577872171014,
    0.2991573591900571,
    4.997831181759035,
    0.2997162283427293,
    5.000654377825093,
    0.29622262511220854,
    5.002377842504282,
    0.2931098038144521,
    5.004338167891738,
    0.2892303362293685,
    5.00212096023817,
    0.2956337363188362,
    5.000724265138937,
    0.29212689284544374,
    5.003029593836717
  ],
  "wall_time_sec": 630.6259456798434
}