{
  "idx": 48,
  "T0": 8.0,
  "sigma": 1e-11,
  "n_iter": 250000,
  "thinning": 10,
  "final_mse": 3068.966017341276,
  "final_x": [
    0.2975265541358947,
    4.997515754398174,
    0.30020045137289975,
    5.000179841247259,
    0.298065037300535,
    4.9987103603481335,
    0.299451785002411,
    5.001690303669707,
    0.30161526826471097,
    4.997406584074357,
    0.2945081184879199,
    5.0022234967705135,
    0.29566677825687215,
    4.999282525526155,
    0.29016050478350164,
    5.000415388587098,
    0.2942301403273144,
    5.001303557202764,
    0.2944341660733654,
    5.00240514145357
  ],
  "wall_time_sec": 618.6713092401624
}