{
  "idx": 56,
  "T0": 10.0,
  "sigma": 1e-11,
  "n_iter": 250000,
  "thinning": 10,
  "final_mse": 3066.8775739240396,
  "final_x": [
    0.29848349870932805,
    4.999093249782768,
    0.29840317360729124,
    5.000395363934656,
    0.2988556516313065,
    4.998338955932192,
    0.2960158005104103,
    5.001533396975491,
    0.2961447112126843,
    5.000049507667573,
    0.2954126494374711,
    5.0002181302899595,
    0.2949019121799388,
    5.002085735138805,
    0.29246331487103183,
    4.999239641316568,
    0.29567852481571816,
    5.000379534321763,
    0.2922279108637813,
    5.002486726804848
  ],
  "wall_time_sec": 616.6253955438733
}