{
  "idx": 12,
  "T0": 0.2,
  "sigma": 1e-07,
  "n_iter": 250000,
  "thinning": 10,
  "final_mse": 627.1335437223438,
  "final_x": [
    0.2567780686020293,
    4.470498807924711,
    0.21484989953527434,
    4.270413061865453,
    0.2730905138447965,
    4.751340651847708,
    0.21648206729799857,
    4.305847607772886,
    0.2359503160966802,
    4.380923770423101,
    0.20750446583436702,
    4.569883206585216,
    0.1695636222303358,
    4.131220975943918,
    0.14098196112873806,
    3.9248382352808124,
    0.21518709300561928,
    4.612107691637779,
    0.16894895104356136,
    4.30542959694842
  ],
  "wall_time_sec": 618.741255171597
}