{
  "idx": 61,
  "T0": 10.0,
  "sigma": 1e-06,
  "n_iter": 250000,
  "thinning": 10,
  "final_mse": 605.0448294822065,
  "final_x": [
    0.24058153177617747,
    4.287228905881214,
    0.19740328816624644,
    3.8813846927546467,
    0.2728595048361135,
    4.656976486041426,
    0.20028988401864972,
    4.154658952584269,
    0.23315762019369127,
    4.292651540875917,
    0.20291547262367923,
    4.569719601366023,
    0.17132844419650486,
    4.166248267553236,
    0.14017425813319154,
    3.930097767585738,
    0.2276947903518339,
    4.764443134105743,
    0.17743453992448,
    4.369996819971204
  ],
  "wall_time_sec": 629.8149907924235
}