{
  "idx": 22,
  "T0": 0.5,
  "sigma": 9.999999999999999e-06,
  "n_iter": 250000,
  "thinning": 10,
  "final_mse": 599.5841474922327,
  "final_x": [
    0.24536137473937367,
    4.4490212485102845,
    0.1860950831098463,
    3.77152373610571,
    0.2751611633322803,
    4.648603271678675,
    0.2079081456088295,
    4.162219645358821,
    0.21866672571769957,
    4.205100430927045,
    0.19888497333122404,
    4.481429520024711,
    0.17261178874542016,
    4.162891324174688,
    0.1392070526141539,
    3.873466945347716,
    0.2119805053811532,
    4.556293479119736,
    0.17288988731018118,
    4.312939545054432
  ],
  "wall_time_sec": 621.5389632470906
}