{
  "idx": 63,
  "T0": 10.0,
  "sigma": 0.0001,
  "n_iter": 250000,
  "thinning": 10,
  "final_mse": 674.0576318175883,
  "final_x": [
    0.27276805497846757,
    4.649081777591103,
    0.23616780564170015,
    4.472364898504009,
    0.28822941530068835,
    4.812434944832525,
    0.23152073359061467,
    4.557393992611388,
    0.25224166489068506,
    4.54029104470489,
    0.20195404530783181,
    4.499964952439725,
    0.17712955464398764,
    4.322920115554836,
    0.1395860468385933,
    3.8875510038364816,
    0.21953190883714815,
    4.687259090274721,
    0.1795560659578275,
    4.428527641859994
  ],
  "wall_time_sec": 630.8991512842476
}