{
  "idx": 24,
  "T0": 1.0,
  "sigma": 1e-11,
  "n_iter": 250000,
  "thinning": 10,
  "final_mse": 3048.3637547657345,
  "final_x": [
    0.2988920031453878,
    4.9981941165400885,
    0.29813134338862785,
    4.998504193720389,
    0.29926368525196856,
    5.00095059335657,
    0.29906481088831366,
    5.002599721293578,
    0.2999113674300179,
    4.999322757272908,
    0.29225949104246596,
    5.002088029599781,
    0.29107350573339535,
    5.000122487526356,
    0.2915026652164761,
    5.002589198276002,
    0.2976276751537408,
    4.998573811484889,
    0.2934997267892962,
    5.002087619556962
  ],
  "wall_time_sec": 638.2823891378939
}