{
  "idx": 58,
  "T0": 10.0,
  "sigma": 1e-09,
  "n_iter": 250000,
  "thinning": 10,
  "final_mse": 1348.9935011000127,
  "final_x": [
    0.28347108510948643,
    4.985073831018625,
    0.27584714860609094,
    4.99327861243284,
    0.29551162693365757,
    4.981303884649711,
    0.2656973828440609,
    4.988403475985422,
    0.2796270168992664,
    5.006619061679952,
    0.23124020960158165,
    4.99446805375462,
    0.21793102303558193,
    4.993141491594454,
    0.19424962056084005,
    4.967489696975304,
    0.2390104859419073,
    4.965969629187044,
    0.21163873713076645,
    4.981226174754686
  ],
  "wall_time_sec": 618.5857626721263
}