{
  "idx": 30,
  "T0": 1.0,
  "sigma": 9.999999999999999e-06,
  "n_iter": 250000,
  "thinning": 10,
  "final_mse": 601.4698969474645,
  "final_x": [
    0.24740558252600614,
    4.328153430697386,
    0.18879513107565535,
    3.777672418433557,
    0.25700531343406013,
    4.5089949810288505,
    0.2116245197969122,
    4.229876744491279,
    0.2090139848039217,
    4.041003973436922,
    0.19748819430626666,
    4.4949576189388605,
    0.17600508414399202,
    4.215726193860059,
    0.14170374505404892,
    3.9430495225293614,
    0.2238274997554043,
    4.7480648006528465,
    0.17328949967094492,
    4.340105883391594
  ],
  "wall_time_sec": 632.5767273120582
}