{
  "idx": 45,
  "T0": 5.0,
  "sigma": 1e-06,
  "n_iter": 250000,
  "thinning": 10,
  "final_mse": 600.719077574772,
  "final_x": [
    0.22585625779530066,
    4.228961222827534,
    0.19548645750351498,
    3.8671567408882903,
    0.2591226408333768,
    4.542860672995739,
    0.2096528657644472,
    4.221804262569721,
    0.21304826618506081,
    4.125476318991092,
    0.20585825992793524,
    4.60293032490602,
    0.17309080337279187,
    4.223320878288113,
    0.14015410493371303,
    3.888037140327446,
    0.22763375717581102,
    4.765954575055701,
    0.17322401462894207,
    4.311670466660246
  ],
  "wall_time_sec": 634.7477618418634
}