{
  "idx": 44,
  "T0": 5.0,
  "sigma": 1e-07,
  "n_iter": 250000,
  "thinning": 10,
  "final_mse": 635.4087493736514,
  "final_x": [
    0.2640334900454538,
    4.69027693533201,
    0.2165625294048439,
    4.289558105419543,
    0.27221598081167664,
    4.781326802427883,
    0.21275343621810394,
    4.228365608925891,
    0.24441985938624544,
    4.538883192643487,
    0.20467980621002005,
    4.597242566012697,
    0.16933901554257308,
    4.160630249860042,
    0.14096567968571258,
    3.9265953781100467,
    0.21647128024741408,
    4.648905138256033,
    0.1764853054842121,
    4.359619907792279
  ],
  "wall_time_sec": 618.2743910886347
}