{
  "idx": 4,
  "T0": 0.1,
  "sigma": 1e-07,
  "n_iter": 250000,
  "thinning": 10,
  "final_mse": 623.3658590259763,
  "final_x": [
    0.2532184219473136,
    4.589635527382272,
    0.21275289810247905,
    4.188654135037705,
    0.2742377942167345,
    4.767402790257783,
    0.21268843457167175,
    4.307729667078618,
    0.2286294883329768,
    4.318552167347149,
    0.2016919196929646,
    4.5985574177888475,
    0.17395266740489354,
    4.187091875876952,
    0.14131219905747247,
    3.9090494049143376,
    0.22932059613628128,
    4.729135490929809,
    0.17016283275239147,
    4.282227561544413
  ],
  "wall_time_sec": 629.2328550964594
}