{
  "idx": 13,
  "T0": 0.2,
  "sigma": 1e-06,
  "n_iter": 250000,
  "thinning": 10,
  "final_mse": 602.1490797747499,
  "final_x": [
    0.24865476804368383,
    4.341708943326654,
    0.19353597701491093,
    3.866493967230697,
    0.25664369054025993,
    4.55959180714048,
    0.20746697609142542,
    4.194712203557994,
    0.2194164506900496,
    4.146334927103256,
    0.20082853808301884,
    4.572329760197643,
    0.17396977857557072,
    4.2505440246241335,
    0.1430944106491154,
    3.946020553564954,
    0.22762951377907356,
    4.761267963102523,
    0.17248062064471475,
    4.331916754292735
  ],
  "wall_time_sec": 633.0110676027834
}