{
  "idx": 26,
  "T0": 1.0,
  "sigma": 1e-09,
  "n_iter": 250000,
  "thinning": 10,
  "final_mse": 1314.5998136393287,
  "final_x": [
    0.29369092831805965,
    4.998565741731437,
    0.2707874070244461,
    4.9821361935852,
    0.3015389537833391,
    4.998694494049722,
    0.2617326033349053,
    4.9589441054990475,
    0.28184439220668267,
    4.9728897904917435,
    0.2298689997242184,
    5.011921064580526,
    0.2163754586582913,
    4.970262580326469,
    0.1931103808759256,
    4.925424361580977,
    0.23804312320374474,
    5.010065960670896,
    0.2072224392102413,
    4.950640660771068
  ],
  "wall_time_sec": 617.8463640213013
}