{
  "T0": 0.5,
  "sigma": 1e-06,
  "n_chains": 64,
  "n_iter": 500000,
  "burn_in": 400000,
  "n_workers": 32,
  "wall_time_sec": 2150.727473307401,
  "wall_time_per_iter_sec": 0.004301454946614802,
  "final_mse": 561.11089380945,
  "chain_mse_mean": 561.9424137823116,
  "chain_mse_std": 0.36367423925177095,
  "center_of_mass": [
    1878.4703184697266,
    1889.4655067148387,
    1901.6202919636146,
    1913.6102700197855,
    1923.1767155646887,
    1933.7515165506086,
    1943.9848380541268,
    1954.2753181694334,
    1964.0747978646177,
    1976.3146173770813,
    0.2642695819738968,
    0.22750495956030667,
    0.28672791278071585,
    0.20639013241004905,
    0.24090032925398736,
    0.19721625202394874,
    0.17492510082140633,
    0.1399936015802239,
    0.2555772710902815,
    0.16713110678608722,
    4.676064034933238,
    4.443064830783608,
    4.89996851853305,
    4.154404232387346,
    4.509914024870059,
    4.450102436846931,
    4.24918230332091,
    3.892572742315039,
    5.276785361215774,
    4.190043301664964
  ],
  "has_numba": true,
  "n_total_samples": 6400000
}