{
  "T0": 10.0,
  "sigma": 1e-05,
  "n_chains": 10,
  "n_iter": 250000,
  "burn_in": 200000,
  "n_workers": 16,
  "wall_time_sec": 488.6213519386947,
  "wall_time_per_iter_sec": 0.001954485407754779,
  "final_mse": 593.3822854047486,
  "chain_mse_mean": 598.3290322384123,
  "chain_mse_std": 2.1328190887793492,
  "center_of_mass": [
    0.2400623837589607,
    4.31897355780572,
    0.1907726393986621,
    3.8437725803013536,
    0.2629452302749952,
    4.559379161295611,
    0.2084341447315819,
    4.182080633214667,
    0.22159218770923506,
    4.210737642427184,
    0.2031145972537772,
    4.552933773111955,
    0.1711398197321213,
    4.1735742658196795,
    0.141476694953972,
    3.9246431283324386,
    0.22323174494663744,
    4.719754347389204,
    0.1735310825646463,
    4.315190714612577
  ],
  "has_numba": true
}
