{
  "T0": 0.5,
  "sigma": 1e-06,
  "n_chains": 32,
  "n_iter": 500000,
  "burn_in": 400000,
  "n_workers": 32,
  "wall_time_sec": 1138.4208832196891,
  "wall_time_per_iter_sec": 0.0022768417664393785,
  "final_mse": 11635.315507223808,
  "chain_mse_mean": 9248.32683998526,
  "chain_mse_std": 2410.101421443915,
  "center_of_mass": [
    1882.409685217322,
    1902.0753212722498,
    1916.0463004569879,
    1897.6649065316237,
    1943.5773431684213,
    1922.4493686488886,
    1934.68051126509,
    1903.4994421041747,
    1985.5805986447683,
    2000.1539058387457,
    0.4435213697615169,
    0.4518555410449126,
    0.24399523791597388,
    0.65436159803494,
    0.20915557249865052,
    0.0558752092901567,
    0.6001417117115718,
    0.20294590685615885,
    0.39363069783965104,
    0.23220339794695644,
    9.763526736460932,
    8.107934614906647,
    4.813847654015163,
    9.055273208925357,
    5.862280577801653,
    5.703868134662114,
    5.0256657159879925,
    5.426685471302342,
    5.614394873183757,
    5.13133644492641
  ],
  "has_numba": true,
  "avg_iter_time_sec": 0.001996116197900847,
  "std_iter_time_sec": 0.00016045812056622154,
  "min_iter_time_sec": 0.0017064288258552551,
  "max_iter_time_sec": 0.006044596433639526
}