{
  "T0": 0.5,
  "sigma": 1e-06,
  "n_chains": 10,
  "n_iter": 250000,
  "burn_in": 200000,
  "n_workers": 1,
  "wall_time_sec": 4066.63363802433,
  "wall_time_per_iter_sec": 0.016266534552097322,
  "final_mse": 11633.490237481825,
  "chain_mse_mean": 9220.371228717446,
  "chain_mse_std": 1997.8875522585304,
  "center_of_mass": [
    1858.1313961592982,
    1919.3000766233713,
    1896.8046315905062,
    1891.2849098468928,
    1935.0217106647262,
    1931.9471295366318,
    1906.8122936071006,
    1918.5133555907407,
    1968.886490827546,
    1957.672176644229,
    0.4279675864284947,
    0.5795276699662002,
    0.2829901217067945,
    0.44685591323198537,
    0.2287999772060013,
    0.12897300918776938,
    0.36508512288331146,
    0.2919845651124561,
    0.32466894712636474,
    0.2563811628869891,
    9.008433642208065,
    6.521900769067836,
    4.637328912041726,
    9.262267565507887,
    5.745684078724404,
    4.8605732077578265,
    4.826221699039626,
    6.243576164062208,
    6.118154817159868,
    5.041775546430737
  ],
  "has_numba": true,
  "avg_iter_time_sec": 0.0016240101903676988,
  "std_iter_time_sec": 7.063651112533153e-05,
  "min_iter_time_sec": 0.0014954321086406708,
  "max_iter_time_sec": 0.001989755779504776
}