{
  "T0": 0.5,
  "sigma": 1e-06,
  "n_chains": 10,
  "n_iter": 250000,
  "burn_in": 200000,
  "n_workers": 32,
  "wall_time_sec": 578.5198609530926,
  "wall_time_per_iter_sec": 0.0023140794438123702,
  "final_mse": 5628.352218262521,
  "best_solution": [
    1857.9211947749393,
    1912.6554251814757,
    1913.3024350505723,
    1913.2322450773256,
    1913.4322450773254,
    1940.0108490722946,
    1964.634405514679,
    1973.9192780856802,
    2034.547360095888,
    2034.649795105678,
    0.0039050440989500303,
    0.481938031311602,
    0.018360804942671057,
    0.09624079239930688,
    0.2257604051567172,
    0.671969060585388,
    0.22438305373678025,
    0.29294908426788757,
    0.1343762055552053,
    0.41085287325948183,
    4.890004805142506,
    4.751045902422412,
    4.422587238725485,
    5.007901039511044,
    4.480164562956861,
    13.879284567313697,
    4.681627945863735,
    6.437287108633274,
    4.900564289463743,
    5.235170521176843
  ],
  "best_solution_mse": 5628.352218262521,
  "best_chain_idx": 1,
  "chain_mse_mean": 9874.464154030122,
  "chain_mse_std": 2088.3167174312584,
  "chain_mse_min": 5628.352218262521,
  "chain_mse_max": 11678.95260861171,
  "center_of_mass": [
    1858.182447285411,
    1894.5569624821703,
    1899.8593736254716,
    1908.856132812046,
    1921.7702926111767,
    1923.5892211585153,
    1920.7905365145677,
    1946.1049028354005,
    1984.6798637408235,
    1979.2549037404085,
    0.24335655133218026,
    0.3061114952728029,
    0.2514400730090832,
    0.26172983258495575,
    0.2848120328588685,
    0.32300991189245004,
    0.2780040020385205,
    0.28649822890884113,
    0.2877023906454181,
    0.29278468914040195,
    5.02825365174456,
    4.9250678479187595,
    4.973163996400531,
    5.057057167248539,
    4.997011792180954,
    5.876652780795686,
    4.847213854947979,
    5.032361855287122,
    4.948240470507772,
    4.917888872765764
  ],
  "center_of_mass_mse": 10346.658814304983,
  "has_numba": true,
  "avg_iter_time_sec": 0.002036318877711892,
  "std_iter_time_sec": 0.00013229037410624896,
  "min_iter_time_sec": 0.0017536990344524384,
  "max_iter_time_sec": 0.006068352609872818
}