{
  "T0": 0.5,
  "sigma": 1e-06,
  "n_chains": 10,
  "n_iter": 250000,
  "burn_in": 200000,
  "n_workers": 32,
  "wall_time_sec": 495.37981228902936,
  "wall_time_per_iter_sec": 0.0019815192491561173,
  "final_mse": 5191.2971806438745,
  "chain_mse_mean": 6170.491528146913,
  "chain_mse_std": 2414.02622764018,
  "center_of_mass": [
    1873.7391231709062,
    1892.3652066225263,
    1901.2667599246554,
    1910.2154752513834,
    1921.416684438192,
    1932.3518415122653,
    1938.7637958651376,
    1950.5564195941283,
    1964.24085486193,
    1976.595535016138,
    0.25127584558212707,
    0.32458130592914647,
    0.32283600881555685,
    0.40155134267647563,
    0.27048702862198476,
    0.28645973928478435,
    0.2625643056955333,
    0.3098204801460037,
    0.2882616948374225,
    0.2558534379599653,
    5.697744927047207,
    5.6543928065494935,
    5.731432950577005,
    5.485945450103915,
    5.382612354969884,
    5.731261846222476,
    5.466902720051235,
    6.163923666599329,
    6.341138310524481,
    5.077335434221103
  ],
  "has_numba": true,
  "avg_iter_time_sec": 0.0019627002604305746,
  "std_iter_time_sec": 9.426091360112545e-05,
  "min_iter_time_sec": 0.0017204508185386658,
  "max_iter_time_sec": 0.0062144845724105835
}