{
  "idx": 33,
  "T0": 2.0,
  "sigma": 1e-10,
  "n_iter": 250000,
  "thinning": 10,
  "final_mse": 1724.2402813046392,
  "final_x": [
    0.2999828372072847,
    4.998514864921796,
    0.2924203952713144,
    5.005942129585185,
    0.30472697492231754,
    4.999248757179222,
    0.28763160363225526,
    5.005308172497962,
    0.30022967545789053,
    4.991435738483392,
    0.257953804115085,
    5.007105003122235,
    0.25131359146762977,
    5.007338328077269,
    0.21659812294154193,
    5.007389310426625,
    0.26759612555275236,
    4.995203261680185,
    0.23701008847709934,
    5.008674675167867
  ],
  "wall_time_sec": 618.2873948775232
}