{
  "idx": 55,
  "T0": 8.0,
  "sigma": 0.0001,
  "n_iter": 250000,
  "thinning": 10,
  "final_mse": 694.3890050241192,
  "final_x": [
    0.26821346386554573,
    4.707635141009495,
    0.22622953235391988,
    4.362548914732555,
    0.28213688295853356,
    4.89126996357785,
    0.24903110634794745,
    4.720613171173931,
    0.25421912477035996,
    4.611417681974989,
    0.21200109079956966,
    4.718459190600428,
    0.17878886243072167,
    4.246839920532042,
    0.1454111053565641,
    3.9436415143377888,
    0.23638208336385647,
    4.85723512754877,
    0.17815722578161436,
    4.426292275887662
  ],
  "wall_time_sec": 638.4404815807939
}