{
  "idx": 52,
  "T0": 8.0,
  "sigma": 1e-07,
  "n_iter": 250000,
  "thinning": 10,
  "final_mse": 623.3518580924954,
  "final_x": [
    1889.4771183312328,
    1901.8732413591765,
    1913.2466344923332,
    1923.306636903557,
    1933.7013033252654,
    1943.640445421738,
    1953.8566877681988,
    1964.37114479537,
    1975.7773788127747,
    1986.8421101111396,
    0.26499018791678486,
    0.24361119580586865,
    0.28528684324439557,
    0.23863718481965587,
    0.24500355178145272,
    0.20306401723787634,
    0.19532676346032432,
    0.1595999045022203,
    0.2452736944706512,
    0.19299292810523852,
    4.664194946729924,
    4.686693729267713,
    4.881739685211739,
    4.6647000059553765,
    4.576239186934255,
    4.557417520875948,
    4.634610295982581,
    4.314250268424533,
    5.090835747622815,
    4.6982553974516685
  ],
  "wall_time_sec": 642.1861191466451
}