{
  "idx": 35,
  "T0": 2.0,
  "sigma": 1e-08,
  "n_iter": 250000,
  "thinning": 10,
  "final_mse": 714.0594828276035,
  "final_x": [
    1889.8487267376072,
    1901.8478812327128,
    1913.3914544629422,
    1923.4551508336392,
    1933.498883914883,
    1943.7245816547093,
    1953.7933266321434,
    1964.6320208667698,
    1975.9074272694395,
    1986.6900115976819,
    0.2799293400801943,
    0.2500334401776871,
    0.2900931135975167,
    0.2492887434028458,
    0.2613334700803319,
    0.22190603501966283,
    0.19908403577155706,
    0.16478805456441056,
    0.23261225218116294,
    0.19300875341596757,
    4.8588650305011205,
    4.740113419290469,
    4.935956127278978,
    4.806227986033161,
    4.780753389822376,
    4.87973147471272,
    4.70204447381262,
    4.427700251961049,
    4.884960398957177,
    4.693570584212335
  ],
  "wall_time_sec": 648.6934997960925
}