{
  "idx": 39,
  "T0": 2.0,
  "sigma": 0.0001,
  "n_iter": 250000,
  "thinning": 10,
  "final_mse": 671.3528709728747,
  "final_x": [
    1878.8429426485234,
    1889.7759915563163,
    1901.84471481996,
    1913.4115827790497,
    1923.3331295510834,
    1933.6483912063093,
    1943.6441815798537,
    1953.7037404489042,
    1964.6650497494595,
    1975.8447483702587,
    0.2708406723050116,
    0.24530121828981705,
    0.2827561970608049,
    0.2321602580587932,
    0.25739373743145383,
    0.20731989266305748,
    0.19110582361278672,
    0.16656966911874435,
    0.23138687074330191,
    0.19098239893981178,
    4.843423825273306,
    4.665942283838711,
    4.805436949540598,
    4.59254218738432,
    4.777883062019823,
    4.6621573643497145,
    4.586717789274155,
    4.471003256374814,
    4.824857860463537,
    4.680568710890664
  ],
  "wall_time_sec": 641.2507412061095
}