{
  "idx": 16,
  "T0": 0.5,
  "sigma": 1e-11,
  "n_iter": 250000,
  "thinning": 10,
  "final_mse": 2204.2586854460897,
  "final_x": [
    1878.917211994757,
    1890.1634436219986,
    1901.9989055364874,
    1913.583065442683,
    1923.5835505544633,
    1933.6651951741492,
    1944.0832687608308,
    1954.2482093896037,
    1964.7506206891705,
    1976.165276963879,
    0.2953483144382477,
    0.2925943630623037,
    0.2978665049706135,
    0.2912564869165799,
    0.29269406760639033,
    0.2732139219410897,
    0.2673690789757567,
    0.2436360348883611,
    0.2807361086789327,
    0.2609539883014191,
    4.998522787815774,
    4.999441120623123,
    5.002009376415785,
    5.001503253310838,
    4.99974603078501,
    5.0025380885111295,
    5.002238217930575,
    5.000684547949184,
    5.0005545620137255,
    5.004182824726915
  ],
  "wall_time_sec": 634.5048311278224
}