{
  "idx": 22,
  "T0": 0.5,
  "sigma": 9.999999999999999e-06,
  "n_iter": 250000,
  "thinning": 10,
  "final_mse": 577.5956724211885,
  "final_x": [
    1878.4905044021202,
    1889.4714085241983,
    1901.8159794409744,
    1913.3823066210543,
    1923.211574304904,
    1933.5184267244822,
    1943.885843225801,
    1954.0865590846056,
    1964.4919578390798,
    1976.0978812882427,
    0.2617586995590838,
    0.22463050504243387,
    0.28522574188988525,
    0.21763499925413432,
    0.24483183569243566,
    0.21156638760304353,
    0.18044136216628298,
    0.1495489362513001,
    0.23091634354490928,
    0.17485818755318572,
    4.633908404100566,
    4.390705838026254,
    4.873027331351706,
    4.3545694184909935,
    4.545224337367839,
    4.704182007730654,
    4.349069813515133,
    4.103717222638831,
    4.873759615423274,
    4.3516727684901975
  ],
  "wall_time_sec": 617.9790660105646
}