{
  "idx": 49,
  "T0": 8.0,
  "sigma": 1e-10,
  "n_iter": 250000,
  "thinning": 10,
  "final_mse": 2241.7640105623204,
  "final_x": [
    1878.9175210128114,
    1890.1649858076162,
    1902.0015116947893,
    1913.578297461969,
    1923.5799131185888,
    1933.6733346991196,
    1944.0874731203332,
    1954.2409805217521,
    1964.7458773153533,
    1976.170947920636,
    0.2937062121532083,
    0.29121566439053825,
    0.3000068036925861,
    0.28884699009061754,
    0.29663875926980815,
    0.2770127581135865,
    0.26180243383233753,
    0.24816418876004925,
    0.27739355648227726,
    0.26505929144178836,
    4.992344773866091,
    4.999015298202599,
    4.997899310218674,
    4.992729898698969,
    5.001296327542349,
    5.002159295599412,
    5.0033364696642435,
    5.001401144737125,
    4.990884817567435,
    5.003554303894344
  ],
  "wall_time_sec": 635.8223443701863
}