{
  "idx": 49,
  "T0": 8.0,
  "sigma": 1e-10,
  "n_iter": 250000,
  "thinning": 10,
  "final_mse": 2152.7686914746228,
  "final_x": [
    1890.1645390705742,
    1901.9979424378812,
    1913.5827320470585,
    1923.5782681404253,
    1933.6667202824447,
    1944.0855935684167,
    1954.2519398571872,
    1964.7535338516207,
    1976.1630275664493,
    1986.6747584065497,
    0.29715509145724894,
    0.29791806688419065,
    0.2953389606980122,
    0.2865167105651974,
    0.290809646983831,
    0.272573662192281,
    0.2613564176741933,
    0.24332232607283355,
    0.28001271370662906,
    0.25839932485402517,
    5.004341803818795,
    5.000373314439881,
    4.996905685681255,
    4.995216183548356,
    4.989494065276723,
    5.001000659404511,
    4.999442494698228,
    5.0067833629237795,
    4.996274361816326,
    5.008407848156525
  ],
  "wall_time_sec": 688.572338603437
}