{
  "idx": 17,
  "T0": 0.5,
  "sigma": 1e-10,
  "n_iter": 250000,
  "thinning": 10,
  "final_mse": 1312.1441522150333,
  "final_x": [
    1878.9053173259088,
    1890.1387210285282,
    1901.9936366784898,
    1913.5784038550325,
    1923.5708743938105,
    1933.6602582781227,
    1944.0608234690917,
    1954.2205013086761,
    1964.7436588320286,
    1976.151256558042,
    0.2901335618995937,
    0.27260945120934454,
    0.29473829367512416,
    0.2642546403124981,
    0.2785680940928663,
    0.22928379753931213,
    0.21793716883077233,
    0.19534764102243407,
    0.24036932009264608,
    0.2093972919866823,
    4.990867395061939,
    4.989455612610795,
    4.9976078725923365,
    4.997442608604207,
    4.992275246849166,
    4.998939996253431,
    4.992825379991488,
    4.960292946627324,
    5.003052922637341,
    4.972566952739298
  ],
  "wall_time_sec": 635.7535467408597
}