{
  "idx": 54,
  "T0": 8.0,
  "sigma": 9.999999999999999e-06,
  "n_iter": 250000,
  "thinning": 10,
  "final_mse": 598.2707048363699,
  "final_x": [
    0.23128831159217156,
    4.190405020926426,
    0.18282821260413276,
    3.7564042586527395,
    0.2758955398391364,
    4.685027239934313,
    0.20577398401958052,
    4.195973822219999,
    0.2212753053946684,
    4.227717661788018,
    0.2012785240391757,
    4.525068891599074,
    0.17040992506895702,
    4.18644293653479,
    0.1410451812375026,
    3.8909466327163122,
    0.21974519577152848,
    4.663206989945333,
    0.1753775006780904,
    4.348742901091941
  ],
  "wall_time_sec": 616.8082254752517
}