{
  "idx": 19,
  "T0": 0.5,
  "sigma": 1e-08,
  "n_iter": 250000,
  "thinning": 10,
  "final_mse": 597.8864110562652,
  "final_x": [
    1878.6139148145708,
    1889.5991415980473,
    1901.7741469554637,
    1913.2925858523147,
    1923.1770162624387,
    1933.4578468995173,
    1943.6957335444802,
    1953.9111245428228,
    1964.5283099510962,
    1975.9558086043016,
    0.2650677193231742,
    0.23001844379905972,
    0.2851038203522814,
    0.22898967705732262,
    0.2504301641269071,
    0.21446780633546333,
    0.19005937102931608,
    0.15699815845367965,
    0.23002271963015808,
    0.18486313557449055,
    4.679065450149801,
    4.481288450488747,
    4.88666877365364,
    4.50958398315333,
    4.655746344481239,
    4.757562514925721,
    4.540264474824162,
    4.263630296966676,
    4.841859981069317,
    4.536877712181953
  ],
  "wall_time_sec": 622.2339788787067
}