{
  "idx": 49,
  "T0": 8.0,
  "sigma": 1e-10,
  "n_iter": 250000,
  "thinning": 10,
  "final_mse": 1643.1348128640652,
  "final_x": [
    0.2973638783249899,
    5.011295902681896,
    0.28174165338416146,
    4.998744537048849,
    0.29228968510573256,
    4.999233133144127,
    0.27803154381241196,
    5.002256817453307,
    0.30193206335720635,
    4.994792351526647,
    0.25985563160316477,
    5.0039836765064445,
    0.24727259256216588,
    5.002036227936045,
    0.21191444601514928,
    5.001456681137354,
    0.26353265714237617,
    5.003137765407016,
    0.2326756027805074,
    5.00242465254892
  ],
  "wall_time_sec": 635.8299287855625
}