{
  "idx": 8,
  "T0": 0.2,
  "sigma": 1e-11,
  "n_iter": 250000,
  "thinning": 10,
  "final_mse": 1610.4522204314967,
  "final_x": [
    1878.9183007516262,
    1890.1654154861899,
    1902.0012152479233,
    1913.5802878179202,
    1923.5818959833462,
    1933.6667553870116,
    1944.0819726623258,
    1954.2459663169768,
    1964.7505030668976,
    1976.1669644965782,
    0.2960211129007934,
    0.287936411355097,
    0.2993761300993334,
    0.28295505597255677,
    0.29112898963055306,
    0.25607149123065,
    0.24249730026082764,
    0.21114113858023148,
    0.2648931115543497,
    0.2330826145860461,
    5.0003947434923015,
    4.999386580648843,
    4.997120140955768,
    5.000868831434405,
    4.999183473747169,
    5.00334834380058,
    5.002465795054426,
    5.002305911262027,
    5.0012293887248065,
    5.001848876448264
  ],
  "wall_time_sec": 620.0217851884663
}