{
  "idx": 18,
  "T0": 0.5,
  "sigma": 1e-09,
  "n_iter": 250000,
  "thinning": 10,
  "final_mse": 958.1785006587825,
  "final_x": [
    1890.0561643010262,
    1901.9725048364232,
    1913.5103715059338,
    1923.4949627832768,
    1933.6352796099075,
    1943.920347512372,
    1953.9626336193198,
    1964.6987191525234,
    1976.0393642465442,
    1986.6786518585407,
    0.2876706847622377,
    0.2650938912809537,
    0.2909987391657203,
    0.26042311930799317,
    0.2742120718365568,
    0.2238197629655573,
    0.20709664112290474,
    0.17948464394038519,
    0.23758991170598553,
    0.20200339888769805,
    4.954573772044402,
    4.921042130937922,
    4.951472111361098,
    4.950592739065397,
    4.934889394606765,
    4.914641669772867,
    4.828653667869708,
    4.713809368519163,
    4.965303109554742,
    4.850964911330697
  ],
  "wall_time_sec": 645.9942984357476
}