{
  "idx": 59,
  "T0": 10.0,
  "sigma": 1e-08,
  "n_iter": 250000,
  "thinning": 10,
  "final_mse": 1032.939317946914,
  "final_x": [
    1878.8867074932382,
    1890.0710972145325,
    1901.9339428037597,
    1913.5706544235982,
    1923.4952395315217,
    1933.607566430233,
    1943.9624235627798,
    1954.0526189162667,
    1964.683896949732,
    1976.120022603827,
    0.2818019098010401,
    0.26403292065361494,
    0.29414736823337284,
    0.26245991857622003,
    0.27321285670402123,
    0.22874890135048054,
    0.21037188265401446,
    0.1812996281134168,
    0.24002512493320335,
    0.20472024872933284,
    4.8855735560859985,
    4.891768117075776,
    5.0028363588374205,
    4.953952908573466,
    4.932807734992619,
    4.990837348266801,
    4.890768387634261,
    4.739758224984717,
    4.9981704540171075,
    4.890352419146757
  ],
  "wall_time_sec": 617.8888064287603
}