{
  "idx": 5,
  "T0": 0.1,
  "sigma": 1e-06,
  "n_iter": 250000,
  "thinning": 10,
  "final_mse": 566.8411234105273,
  "final_x": [
    1878.5241121663641,
    1889.4780889668803,
    1901.6904773880915,
    1913.3851979594388,
    1923.1089244758818,
    1933.6248955256801,
    1943.835355612642,
    1954.2201819368843,
    1964.2713536141061,
    1976.2064212623814,
    0.25972075301868125,
    0.22542732713264127,
    0.2811889875484039,
    0.2219924398002012,
    0.24489985881042461,
    0.20489803136357562,
    0.1828556637693447,
    0.14262571989767484,
    0.24295960295401237,
    0.17257465757548324,
    4.627277578346699,
    4.414764015630175,
    4.823779979924744,
    4.401630922481838,
    4.560839726404245,
    4.578672661920837,
    4.3974958846555445,
    3.9451791336647464,
    5.065171126433481,
    4.299205952037883
  ],
  "wall_time_sec": 637.4332315735519
}