{
  "idx": 29,
  "T0": 1.0,
  "sigma": 1e-06,
  "n_iter": 250000,
  "thinning": 10,
  "final_mse": 562.7608100337113,
  "final_x": [
    1878.5628203413414,
    1889.3800064709517,
    1901.5955340444398,
    1913.5412393579204,
    1923.0594580744814,
    1933.7309506121403,
    1944.0165492589506,
    1954.256600720072,
    1964.1608178176593,
    1976.2896058331353,
    0.25349416055155105,
    0.2348144932628666,
    0.288545812521916,
    0.21136730005950458,
    0.24764140232480206,
    0.19800560440231266,
    0.17338513405538886,
    0.1409715917280374,
    0.24843019821661297,
    0.16807679468698472,
    4.526342471676613,
    4.547986138471137,
    4.917881936834399,
    4.233077799155713,
    4.617137852076148,
    4.469241478164429,
    4.226776908486308,
    3.9145744849167685,
    5.155868541393563,
    4.213351754927462
  ],
  "wall_time_sec": 657.0751961767673
}