{
  "idx": 42,
  "T0": 5.0,
  "sigma": 1e-09,
  "n_iter": 250000,
  "thinning": 10,
  "final_mse": 1281.680387512527,
  "final_x": [
    1890.1326350260483,
    1901.9805114382577,
    1913.5642036908039,
    1923.5733790763384,
    1933.6584279055787,
    1944.0425788359205,
    1954.198557167738,
    1964.737873559255,
    1976.115773481553,
    1986.6608836003147,
    0.29111154594154687,
    0.27150518177464134,
    0.29487050455843244,
    0.26447399096914576,
    0.2776209996588208,
    0.22998064814257252,
    0.21665192047171375,
    0.19492435195277724,
    0.24129975405304527,
    0.2097474958020116,
    4.993075290030473,
    4.967681559308526,
    4.998497393107242,
    5.000415285881408,
    4.98504292363663,
    5.007920840994768,
    4.96556505880114,
    4.959101513289058,
    5.013300772517748,
    4.975992728890472
  ],
  "wall_time_sec": 621.7835844680667
}