{
  "idx": 9,
  "T0": 0.2,
  "sigma": 1e-10,
  "n_iter": 250000,
  "thinning": 10,
  "final_mse": 1239.4550293615084,
  "final_x": [
    1878.9042659953366,
    1890.139940675315,
    1901.9988900626247,
    1913.5587562654805,
    1923.5616064957112,
    1933.6501319012727,
    1944.038595540516,
    1954.1642851659515,
    1964.735934975115,
    1976.1334795883597,
    0.29064664957193914,
    0.27186742677052395,
    0.2954126937968842,
    0.2635924413378204,
    0.27688352867435095,
    0.22790038550827293,
    0.21588291666457982,
    0.19223272269680156,
    0.24039293209032309,
    0.2088205120860612,
    4.985650643897939,
    4.974219195337256,
    4.98752751319396,
    4.985521696721009,
    4.97949985001286,
    4.976770677050065,
    4.968780449380876,
    4.916791477614669,
    4.998041630209384,
    4.9616900521724565
  ],
  "wall_time_sec": 631.8678521700203
}