{
  "idx": 17,
  "T0": 0.5,
  "sigma": 1e-10,
  "n_iter": 250000,
  "thinning": 10,
  "final_mse": 1672.06634027149,
  "final_x": [
    0.302209680731918,
    5.002097872442937,
    0.2874743885998497,
    5.00039280243951,
    0.30085176799129215,
    5.003481494669702,
    0.28624585231292327,
    5.0025491737533105,
    0.29563582869856153,
    5.005741764915982,
    0.25747104561627104,
    5.000086643619902,
    0.23828171372721788,
    5.009838770363605,
    0.2135701095164505,
    5.004676293485215,
    0.27076282712666205,
    4.9942873530275715,
    0.24015410469617218,
    4.995203041438743
  ],
  "wall_time_sec": 634.6827454268932
}