{
  "idx": 42,
  "T0": 5.0,
  "sigma": 1e-09,
  "n_iter": 250000,
  "thinning": 10,
  "final_mse": 1335.8718502817408,
  "final_x": [
    0.28874290905680433,
    4.979359970930001,
    0.2740083238962434,
    5.006237008583978,
    0.29120441954061155,
    4.983838187615096,
    0.2634366308683856,
    4.97828320563365,
    0.28777036059169825,
    5.004784157002664,
    0.22706052373205338,
    4.988110051243668,
    0.2143573933181361,
    4.972900337311605,
    0.1929408415681774,
    4.933267217020008,
    0.23849236883763558,
    4.993759039108394,
    0.21212061863825948,
    5.0083905954212655
  ],
  "wall_time_sec": 618.7785449698567
}