{
  "idx": 46,
  "T0": 5.0,
  "sigma": 9.999999999999999e-06,
  "n_iter": 250000,
  "thinning": 10,
  "final_mse": 581.1386243371744,
  "final_x": [
    1889.4262374392188,
    1901.583562450741,
    1913.3777728118032,
    1923.5942626767426,
    1933.600986092033,
    1943.726067180313,
    1954.2393425707792,
    1964.2591139346482,
    1975.9683537871283,
    1987.0479567524053,
    0.24167798957122272,
    0.23393107220191178,
    0.2996718315911501,
    0.22214033489865662,
    0.2142129548213528,
    0.20786846121989053,
    0.18938529832984546,
    0.14013462494602913,
    0.24164080781734323,
    0.18168950387692742,
    4.290900064130529,
    4.526986139244141,
    5.0149024119332335,
    4.379315052886617,
    4.092895828412702,
    4.628219581510557,
    4.529410239632003,
    3.8931253715098872,
    5.032471127765627,
    4.488368212894371
  ],
  "wall_time_sec": 642.9261464439332
}