{
  "idx": 47,
  "T0": 5.0,
  "sigma": 0.0001,
  "n_iter": 250000,
  "thinning": 10,
  "final_mse": 693.6152770167766,
  "final_x": [
    0.26754679385980074,
    4.630789985876884,
    0.23404503993117198,
    4.47747441261803,
    0.27571205423366396,
    4.853920479409505,
    0.24787813868668238,
    4.6490639239231415,
    0.2585781463318434,
    4.777094651120594,
    0.20889161650809449,
    4.650398632107563,
    0.17603713465615062,
    4.2235866510058395,
    0.13969636313234832,
    3.8982075323680365,
    0.22410467102799025,
    4.643401347359652,
    0.17401333261373939,
    4.318954902806018
  ],
  "wall_time_sec": 631.757162772119
}