{
  "idx": 46,
  "T0": 5.0,
  "sigma": 9.999999999999999e-06,
  "n_iter": 250000,
  "thinning": 10,
  "final_mse": 571.4953099447803,
  "final_x": [
    1878.308902221405,
    1889.6315063413601,
    1901.3412334951515,
    1913.7454898794604,
    1922.9770885092876,
    1933.679497421287,
    1943.7845457806482,
    1954.2356632820176,
    1964.2563523065508,
    1976.3054219276214,
    0.28169097673016996,
    0.21369012712641897,
    0.30415505609667537,
    0.20000367167515676,
    0.25720465077286075,
    0.1949788470598639,
    0.18340413587243512,
    0.14365874637274512,
    0.24016471620837992,
    0.16509687181486918,
    4.9136108264667335,
    4.237491874488727,
    5.155430851149446,
    4.064279512165229,
    4.755880279860879,
    4.446804656057536,
    4.404980095713196,
    3.9588860780044715,
    4.98606853291308,
    4.150059167401424
  ],
  "wall_time_sec": 638.8613839633763
}