{
  "idx": 21,
  "T0": 0.5,
  "sigma": 1e-06,
  "n_iter": 250000,
  "thinning": 10,
  "final_mse": 563.3792855923916,
  "final_x": [
    1878.5479304852113,
    1889.483762150097,
    1901.8435367747384,
    1913.5610943932124,
    1923.0901155342137,
    1933.6802179891547,
    1943.9804006400634,
    1954.2644218020287,
    1964.084522900797,
    1976.2853944559802,
    0.2588933478734196,
    0.226596000850715,
    0.26859164146071224,
    0.21105314111870327,
    0.2436240849862693,
    0.20316834768948833,
    0.17426956847628927,
    0.14028811626763962,
    0.25408569910813544,
    0.1688299069590727,
    4.587688134376071,
    4.430324313090888,
    4.6449572819582885,
    4.237603114719253,
    4.547406916522693,
    4.555588790851575,
    4.240311107011604,
    3.8954574770293893,
    5.26166484047689,
    4.222743264001606
  ],
  "wall_time_sec": 638.0699556469917
}