{
  "idx": 23,
  "T0": 0.5,
  "sigma": 0.0001,
  "n_iter": 250000,
  "thinning": 10,
  "final_mse": 694.8321419075648,
  "final_x": [
    0.27662433444124274,
    4.814675961008699,
    0.22497438470358505,
    4.405695673024451,
    0.2889140484047123,
    4.82696462810293,
    0.22839171222652063,
    4.48326479072373,
    0.2563976669543784,
    4.702535831590702,
    0.21372169359745308,
    4.758916276106873,
    0.1864733287189141,
    4.4238262394667,
    0.14165090025097934,
    3.900172748545904,
    0.22365171309984974,
    4.769418254255022,
    0.1817972115851757,
    4.432167044539326
  ],
  "wall_time_sec": 636.3976833038032
}