{
  "idx": 36,
  "T0": 2.0,
  "sigma": 1e-07,
  "n_iter": 250000,
  "thinning": 10,
  "final_mse": 625.053144797323,
  "final_x": [
    0.268530380256094,
    4.715396436012019,
    0.20900406017123618,
    4.1052143007733095,
    0.28318772379653817,
    4.85220140846551,
    0.2129502001559372,
    4.266340766526385,
    0.22316724709117652,
    4.339493061198701,
    0.2029963180676583,
    4.565917670664298,
    0.17194737991508777,
    4.208624113751206,
    0.140394108398004,
    3.9431918788711475,
    0.23566561014754156,
    4.877092485072344,
    0.17352292234176045,
    4.3237700903349525
  ],
  "wall_time_sec": 644.6734043769538
}