{
  "idx": 25,
  "T0": 1.0,
  "sigma": 1e-10,
  "n_iter": 250000,
  "thinning": 10,
  "final_mse": 1340.7117473147853,
  "final_x": [
    1890.1655689848728,
    1901.9938662480588,
    1913.576385997604,
    1923.5764275905497,
    1933.6658449215292,
    1944.0776937006326,
    1954.2277167850937,
    1964.7362785660514,
    1976.1557663915673,
    1986.6574023219127,
    0.29124829772614447,
    0.27388742253856563,
    0.29502670110438667,
    0.2650219907593838,
    0.2790050374915264,
    0.22925962445242049,
    0.21794741049147798,
    0.196559944842514,
    0.2409461713995349,
    0.21031642957131952,
    4.9966761834014894,
    4.988533477320477,
    4.996114360711398,
    4.9958012218542756,
    4.982646235333569,
    4.999370551028947,
    4.997550086685529,
    4.9840767242576245,
    5.003231327816905,
    4.9872811570746896
  ],
  "wall_time_sec": 646.8839301206172
}