{
  "idx": 47,
  "T0": 5.0,
  "sigma": 0.0001,
  "n_iter": 250000,
  "thinning": 10,
  "final_mse": 644.2405916610371,
  "final_x": [
    1889.6219100990252,
    1901.9678238651254,
    1913.364720176301,
    1923.693393377775,
    1933.1444311112696,
    1943.5803459764732,
    1953.881718516621,
    1964.8668316138808,
    1976.0665861794762,
    1986.9492555321276,
    0.27040816859921957,
    0.23302623353156102,
    0.2469399327480204,
    0.22834659018801912,
    0.20663087976426794,
    0.22621269162309243,
    0.19830880300144088,
    0.16143903810317517,
    0.22199350674968893,
    0.18235771621477218,
    4.684884127424243,
    4.475101084091501,
    4.474325364745451,
    4.478990017653098,
    4.004615761826719,
    5.00564111841059,
    4.69544792617605,
    4.336860684932956,
    4.734480459810098,
    4.445961092473038
  ],
  "wall_time_sec": 641.6025607436895
}