{
  "idx": 10,
  "T0": 0.2,
  "sigma": 1e-09,
  "n_iter": 250000,
  "thinning": 10,
  "final_mse": 1347.5428571092561,
  "final_x": [
    0.28766579272072895,
    4.9856892466857,
    0.28051550967170924,
    4.986514377990384,
    0.300214383378352,
    5.03119781715166,
    0.2607682447768144,
    4.977033002787699,
    0.2773895858261971,
    5.001717174318404,
    0.22894634497458088,
    5.000358637209531,
    0.21632848210409988,
    4.975438195197222,
    0.19341952451560473,
    4.965308165420431,
    0.24284325718825875,
    4.993325577018441,
    0.20946457971883956,
    4.9853665183991716
  ],
  "wall_time_sec": 620.0861376337707
}