{
  "idx": 53,
  "T0": 8.0,
  "sigma": 1e-06,
  "n_iter": 250000,
  "thinning": 10,
  "final_mse": 575.3432943195137,
  "final_x": [
    1889.64135203605,
    1901.4391646058045,
    1913.382064939342,
    1922.624440581601,
    1933.578995283819,
    1943.8226909498305,
    1954.2441228914786,
    1964.242271931284,
    1976.1790931016726,
    1987.1626599342676,
    0.23819719854564708,
    0.21435799787426535,
    0.3044884380977315,
    0.2225290163129081,
    0.2690520238439954,
    0.2078855586407676,
    0.18298695219291558,
    0.14104146186407152,
    0.24464258348169354,
    0.17340284090491473,
    4.283990940065987,
    4.237815810444202,
    5.14007992202524,
    4.408373710624512,
    4.930869703795669,
    4.647319068483336,
    4.408253831401388,
    3.9217704050549864,
    5.104296992901881,
    4.3188356711284
  ],
  "wall_time_sec": 644.9423812776804
}