{
  "idx": 23,
  "T0": 0.5,
  "sigma": 0.0001,
  "n_iter": 250000,
  "thinning": 10,
  "final_mse": 718.059517706572,
  "final_x": [
    1889.8267994468083,
    1901.8973330127676,
    1913.4722982201922,
    1923.4568184541822,
    1933.458882256574,
    1943.7824797724793,
    1953.7599973127424,
    1964.5081220615323,
    1975.9321468514158,
    1986.8929582885723,
    0.277370960677605,
    0.24884208549377632,
    0.2996587235342497,
    0.23857784079790445,
    0.26899096612633727,
    0.22058190707191144,
    0.1893661911632844,
    0.16487164340768257,
    0.2500002248364564,
    0.1902378803372098,
    4.825298449480159,
    4.699621404276295,
    4.994171688624634,
    4.723131082216625,
    4.978780973339157,
    4.9162462172896335,
    4.515915979556573,
    4.418953076791159,
    5.094695841925173,
    4.648222137453031
  ],
  "wall_time_sec": 643.2012513540685
}