{
  "idx": 42,
  "T0": 5.0,
  "sigma": 1e-09,
  "n_iter": 250000,
  "thinning": 10,
  "final_mse": 1291.5014127189922,
  "final_x": [
    1878.90964427834,
    1890.149663058103,
    1902.0070340550167,
    1913.5559242659433,
    1923.5589178902558,
    1933.632427190752,
    1944.0539744028067,
    1954.2015306886112,
    1964.708069578506,
    1976.1336056867867,
    0.2866078954644685,
    0.2714127704136864,
    0.2928856619662668,
    0.26126810273851797,
    0.27946243558832246,
    0.22933078085719671,
    0.21644978599732093,
    0.19657043690605974,
    0.24079238225707264,
    0.2094574799270648,
    4.9667656981331,
    4.97209828295915,
    4.974086098676671,
    4.9593251670162495,
    5.00577927055952,
    5.004242922549627,
    4.968883852668435,
    4.984623241122657,
    5.007407285805371,
    4.977234663201057
  ],
  "wall_time_sec": 641.7601986266673
}