{
  "idx": 51,
  "T0": 8.0,
  "sigma": 1e-08,
  "n_iter": 250000,
  "thinning": 10,
  "final_mse": 929.8378337757632,
  "final_x": [
    1878.8495337261136,
    1889.9853263688367,
    1901.964153955844,
    1913.4753173339554,
    1923.5205286884234,
    1933.6778072485722,
    1943.919888333378,
    1953.9931558399421,
    1964.6531369891259,
    1975.9503540817311,
    0.29501826636959727,
    0.25836875453759317,
    0.29409250593628816,
    0.25449770455951903,
    0.2731922264610579,
    0.2228913281103266,
    0.20197737012087424,
    0.18136480161743934,
    0.2366804128971493,
    0.20282352258364728,
    5.044968123499612,
    4.839842483244732,
    4.985709577581848,
    4.881803468793747,
    4.934233491041571,
    4.892728523781157,
    4.743987668889999,
    4.748838302384948,
    4.945493137613762,
    4.8676089000742335
  ],
  "wall_time_sec": 622.694751791656
}