{
  "idx": 58,
  "T0": 10.0,
  "sigma": 1e-09,
  "n_iter": 250000,
  "thinning": 10,
  "final_mse": 1332.1848705840484,
  "final_x": [
    1890.1697130333853,
    1901.993546151024,
    1913.580265665111,
    1923.5644643098062,
    1933.65164564479,
    1944.0567436935933,
    1954.2330699639926,
    1964.7497051345883,
    1976.1462003071942,
    1986.6722165940362,
    0.2903188830181945,
    0.2741124485634966,
    0.29533173128833967,
    0.2641751191405777,
    0.2793418525477422,
    0.22916990029041365,
    0.2173158023511963,
    0.19570873447290843,
    0.24076097677829225,
    0.2112290340559424,
    5.010127105798879,
    4.99754248471288,
    5.015334900304472,
    4.986543683203323,
    4.983872779351491,
    5.003900098833221,
    4.9850171567304695,
    4.971064655813049,
    5.015560562784842,
    4.996903369728271
  ],
  "wall_time_sec": 631.3212302476168
}