{
  "idx": 50,
  "T0": 8.0,
  "sigma": 1e-09,
  "n_iter": 250000,
  "thinning": 10,
  "final_mse": 1336.0424494476938,
  "final_x": [
    0.2969395950914839,
    4.989519649775479,
    0.2711504249742217,
    4.995340605892104,
    0.2948817349352851,
    5.040103226685576,
    0.26506334822790173,
    4.980196585234369,
    0.27042292465107465,
    4.9830317088212475,
    0.23017487850218457,
    4.983900709557146,
    0.21829216979217161,
    4.993999075082844,
    0.19471444900889995,
    4.942877161255505,
    0.24021805696211002,
    4.998015074393941,
    0.21063265444288892,
    4.968901877960582
  ],
  "wall_time_sec": 618.4917428307235
}