{
  "idx": 11,
  "T0": 0.2,
  "sigma": 1e-08,
  "n_iter": 250000,
  "thinning": 10,
  "final_mse": 575.7186829628018,
  "final_x": [
    1878.5393471278699,
    1889.4967543561954,
    1901.7297819979146,
    1913.2907350839446,
    1923.1447409585674,
    1933.5602254786372,
    1943.7770207627366,
    1954.1063252754304,
    1964.4070052448362,
    1976.0498770798492,
    0.2609433179097332,
    0.22552639699461893,
    0.2808757287434351,
    0.22663273789703983,
    0.24445066544218896,
    0.20796081812647124,
    0.18544132406987385,
    0.14778085695427676,
    0.23607151401191137,
    0.17997186431331505,
    4.628299781337339,
    4.415723320145036,
    4.816927162021903,
    4.473360037787692,
    4.560549401622271,
    4.641182038956831,
    4.45100939297817,
    4.063682574764518,
    4.944608351012392,
    4.443077567129607
  ],
  "wall_time_sec": 618.8562026582658
}