{
  "idx": 3,
  "T0": 0.1,
  "sigma": 1e-08,
  "n_iter": 250000,
  "thinning": 10,
  "final_mse": 1007.3385976799128,
  "final_x": [
    0.2862662912857673,
    4.959215965850418,
    0.26213035777799754,
    4.841397422367319,
    0.2940218461201722,
    4.965595744836236,
    0.25718406839778846,
    4.896632505634343,
    0.2685806834888438,
    4.878122038612096,
    0.22669318503870517,
    4.951221894514825,
    0.2008520116110429,
    4.69601553460874,
    0.16854471086360737,
    4.478135911294541,
    0.2353704131314758,
    4.9603692039054605,
    0.2017337847631292,
    4.829856323034062
  ],
  "wall_time_sec": 630.5011292360723
}