{
  "idx": 46,
  "T0": 5.0,
  "sigma": 9.999999999999999e-06,
  "n_iter": 250000,
  "thinning": 10,
  "final_mse": 600.5292506868282,
  "final_x": [
    0.2420312591545412,
    4.2855816167472245,
    0.18242594708865642,
    3.7308579382965075,
    0.25797711596679623,
    4.614794739308681,
    0.203105037971161,
    4.1368880301575,
    0.22186721909782914,
    4.2357840976230525,
    0.20401695303935158,
    4.618064913184156,
    0.16916723811083537,
    4.141860008241064,
    0.14023207353434286,
    3.913388509584607,
    0.22280808145090344,
    4.657310825936992,
    0.174596309967596,
    4.323965925468757
  ],
  "wall_time_sec": 633.4026684015989
}