{
  "idx": 47,
  "T0": 5.0,
  "sigma": 0.0001,
  "n_iter": 250000,
  "thinning": 10,
  "final_mse": 611.543120473168,
  "final_x": [
    1878.3128104624996,
    1889.6052682864781,
    1901.8841189552295,
    1913.0111831606864,
    1922.9479223699457,
    1933.7827000246236,
    1943.95357845787,
    1954.019687201284,
    1964.580282825125,
    1975.991726767159,
    0.29445022788878356,
    0.22763267428652145,
    0.2731739547905187,
    0.2511112007576401,
    0.24964477825291523,
    0.19710497887266332,
    0.17639922252388765,
    0.15656402476001055,
    0.2220496326887967,
    0.1803392250177491,
    5.156032736376938,
    4.464348764102303,
    4.782984428395716,
    4.808093292863796,
    4.705020994314184,
    4.516773378595889,
    4.253432993367398,
    4.267701950856558,
    4.712531737183149,
    4.461840260397073
  ],
  "wall_time_sec": 622.6530061252415
}