{
  "idx": 10,
  "T0": 0.2,
  "sigma": 1e-09,
  "n_iter": 250000,
  "thinning": 10,
  "final_mse": 775.6617646504579,
  "final_x": [
    1889.953600143432,
    1901.9412844498504,
    1913.4277266932852,
    1923.453535154102,
    1933.5596863734552,
    1943.8307426595227,
    1953.832928136506,
    1964.6459856754457,
    1975.9427286403152,
    1986.642400989354,
    0.28098814908319825,
    0.25769845552284376,
    0.2904801799038553,
    0.25051286863866046,
    0.2658207555557574,
    0.21954272333247252,
    0.1994054498956786,
    0.16915144481725206,
    0.23575457580056938,
    0.19640691933168528,
    4.880887257197678,
    4.833637683168878,
    4.944795291037649,
    4.8281031799818095,
    4.857377703566083,
    4.8463705377584185,
    4.7154189850233506,
    4.520495258914382,
    4.933974041286905,
    4.753729291777139
  ],
  "wall_time_sec": 621.7380346618593
}