{
  "idx": 27,
  "T0": 1.0,
  "sigma": 1e-08,
  "n_iter": 250000,
  "thinning": 10,
  "final_mse": 1022.6489112210069,
  "final_x": [
    0.2803280906569146,
    4.85593787540474,
    0.2629912393945345,
    4.859672498084411,
    0.3013052256894069,
    5.020540946830481,
    0.2520561857152631,
    4.899276417927269,
    0.27849621355865156,
    4.921245650292763,
    0.21971054343840357,
    4.846537977340855,
    0.20903289981577935,
    4.791384678513683,
    0.17028402740792054,
    4.505659396221939,
    0.2321480420799295,
    4.904866968577402,
    0.19746387210851138,
    4.796235180038306
  ],
  "wall_time_sec": 635.8835560455918
}