{
  "idx": 63,
  "T0": 10.0,
  "sigma": 0.0001,
  "n_iter": 250000,
  "thinning": 10,
  "final_mse": 635.8838122363485,
  "final_x": [
    1889.8013677647073,
    1902.280412923784,
    1912.919101709017,
    1922.628768749304,
    1933.323217974579,
    1943.3087289274335,
    1954.313632673396,
    1964.5715854049622,
    1976.129529237625,
    1987.510163119718,
    0.2488495373345953,
    0.20808631963997548,
    0.250105286124443,
    0.2514072226263046,
    0.2824225535672207,
    0.22105484649004783,
    0.21371661218262283,
    0.1418927989473776,
    0.2151560693120709,
    0.18105356315346302,
    4.446767952225707,
    4.114814558446881,
    4.498314834695917,
    4.876591780221553,
    5.1247180726861075,
    4.924015759664797,
    5.011627522786071,
    3.929492961421965,
    4.6430933823422595,
    4.430019022084556
  ],
  "wall_time_sec": 644.8399001471698
}