{
  "idx": 2,
  "T0": 0.1,
  "sigma": 1e-09,
  "n_iter": 250000,
  "thinning": 10,
  "final_mse": 679.6540650997862,
  "final_x": [
    1878.7510918289677,
    1889.804223455137,
    1901.9128354138722,
    1913.3733708333123,
    1923.3449302236693,
    1933.49596335897,
    1943.7636635472431,
    1953.8048625810331,
    1964.5854569438989,
    1975.9252705637475,
    0.27780369512928105,
    0.24877771583242267,
    0.2886728112054627,
    0.2464226272165756,
    0.2606677726971497,
    0.21805727708121572,
    0.1938991655556151,
    0.1641128922671929,
    0.2340940766121612,
    0.19040065264110054,
    4.856458434187819,
    4.73348528708544,
    4.920428803141861,
    4.766032501948338,
    4.7861180242120005,
    4.819276901269895,
    4.61475351274347,
    4.413581254978815,
    4.918847392154818,
    4.647432603298501
  ],
  "wall_time_sec": 635.4548383206129
}