{
  "idx": 31,
  "T0": 1.0,
  "sigma": 0.0001,
  "n_iter": 250000,
  "thinning": 10,
  "final_mse": 643.0785025914462,
  "final_x": [
    1878.7164144801768,
    1889.702468107651,
    1901.9514029862505,
    1913.3868085976255,
    1923.4896952111856,
    1933.3636401150352,
    1943.4805555513024,
    1954.0057505159643,
    1964.561270411946,
    1975.9274338593655,
    0.25989432129482065,
    0.24373827522701552,
    0.2713856835227,
    0.23695007586936573,
    0.25980428149380974,
    0.21919536362886535,
    0.20219624973919287,
    0.1528471530929517,
    0.2304351522347257,
    0.18397297578144703,
    4.572164986925956,
    4.701111195816013,
    4.688363917308356,
    4.6377709185001486,
    4.734778165205609,
    4.849979967512133,
    4.727483459636388,
    4.164331268460996,
    4.889516900122362,
    4.4996747682654
  ],
  "wall_time_sec": 619.8116169087589
}