{
  "idx": 43,
  "T0": 5.0,
  "sigma": 1e-08,
  "n_iter": 250000,
  "thinning": 10,
  "final_mse": 863.5628068540101,
  "final_x": [
    1878.8773114710173,
    1890.0825635772787,
    1902.0262996403055,
    1913.5075793956078,
    1923.460150066235,
    1933.5294466747303,
    1943.7918201104546,
    1953.877999454348,
    1964.641458017611,
    1975.9545560441804,
    0.2813085631106673,
    0.2604965242701964,
    0.2971119788381788,
    0.25180006980187164,
    0.26977725444070766,
    0.2244394792145233,
    0.20854256578116942,
    0.17568010205187526,
    0.23748486156128112,
    0.20048967834318615,
    4.882241707238119,
    4.841145329970017,
    5.008794969615496,
    4.831895701766738,
    4.908753322982645,
    4.927247198099906,
    4.870670962812955,
    4.643896860154952,
    4.955950728611202,
    4.834851970572781
  ],
  "wall_time_sec": 617.1647260859609
}