{
  "idx": 33,
  "T0": 2.0,
  "sigma": 1e-10,
  "n_iter": 250000,
  "thinning": 10,
  "final_mse": 1379.4650557276975,
  "final_x": [
    1890.1621615085905,
    1902.0105391041952,
    1913.578493483086,
    1923.5808232018583,
    1933.6745760811618,
    1944.0826258726363,
    1954.2366605633867,
    1964.7531382201412,
    1976.1676209970026,
    1986.6705483466108,
    0.298021904886718,
    0.27931126252890076,
    0.2956934076603299,
    0.27512702704299863,
    0.28522614751672987,
    0.23341720509418967,
    0.21961186375242425,
    0.1975002720481016,
    0.24721896219171977,
    0.21200012838910987,
    5.003212572077654,
    5.007630407005779,
    5.002775030887503,
    5.006828925647642,
    5.0020969415053855,
    5.006629370687919,
    4.998560051390423,
    4.997388924488143,
    5.0008960857087,
    5.004826944688081
  ],
  "wall_time_sec": 637.4426609836519
}