{
  "idx": 50,
  "T0": 8.0,
  "sigma": 1e-09,
  "n_iter": 250000,
  "thinning": 10,
  "final_mse": 1322.6044352555218,
  "final_x": [
    1890.1450279870094,
    1902.0056073768342,
    1913.5827400000169,
    1923.568452254282,
    1933.642626518943,
    1944.0831399108079,
    1954.2088820679717,
    1964.731775814938,
    1976.1567704596803,
    1986.6672580275927,
    0.29518780326415694,
    0.27536528904933893,
    0.2935508827696188,
    0.2641669175621039,
    0.28046191714956875,
    0.22925099031646534,
    0.2168351229042542,
    0.1956852580203185,
    0.2397265516846891,
    0.21048551432460705,
    5.007514040913159,
    5.0078508857743715,
    4.988009762235507,
    5.003922316896705,
    5.011844118454279,
    4.998839265504927,
    4.977862837533439,
    4.969319666651681,
    4.998558678166171,
    4.985039815706164
  ],
  "wall_time_sec": 647.6309396885335
}