{
  "idx": 40,
  "T0": 5.0,
  "sigma": 1e-11,
  "n_iter": 250000,
  "thinning": 10,
  "final_mse": 3034.7924743870904,
  "final_x": [
    1890.1655209386197,
    1902.0000337670483,
    1913.5823891209116,
    1923.581423447875,
    1933.6655682391497,
    1944.0824787263484,
    1954.250181456419,
    1964.7481618730333,
    1976.1649702243542,
    1986.6688802692163,
    0.3002623928149284,
    0.2999565357935782,
    0.3011590682015404,
    0.2972631668274924,
    0.29881743045136133,
    0.2933393574921285,
    0.2932968577073374,
    0.28968083783085724,
    0.29518364086633625,
    0.2922374960381971,
    4.999563697497009,
    4.998284468166728,
    5.003798087055311,
    5.000514528381784,
    4.999858567551157,
    4.998885883018489,
    5.00154286931573,
    4.999535661062022,
    5.001944731556811,
    5.000697211785156
  ],
  "wall_time_sec": 630.5360245220363
}