{
  "idx": 7,
  "T0": 0.1,
  "sigma": 0.0001,
  "n_iter": 250000,
  "thinning": 10,
  "final_mse": 670.6505756524704,
  "final_x": [
    1889.9250796688057,
    1901.849270079077,
    1913.3230731316298,
    1923.1079315776287,
    1933.591905027217,
    1943.9426587636835,
    1953.8308954305442,
    1964.7631498332544,
    1975.9875522029788,
    1986.8356588271472,
    0.28095398229159596,
    0.2342739126204341,
    0.3040723192573144,
    0.24723125406622903,
    0.2656702136704395,
    0.2090315729220658,
    0.17777261198094976,
    0.1611574298334732,
    0.223164129996455,
    0.1909234558194051,
    4.872148346734247,
    4.523764127756059,
    5.087726451555584,
    4.742859097557937,
    4.7589420808988825,
    4.612951253255219,
    4.324627780416272,
    4.371591974347297,
    4.763573262760257,
    4.613885738676583
  ],
  "wall_time_sec": 641.1171151921153
}