{
  "idx": 45,
  "T0": 5.0,
  "sigma": 1e-06,
  "n_iter": 250000,
  "thinning": 10,
  "final_mse": 566.0244236856228,
  "final_x": [
    1878.3505905416398,
    1889.50534134886,
    1901.441649159298,
    1913.3501543968896,
    1923.006378454584,
    1933.554567647555,
    1943.987543866666,
    1954.2299808600603,
    1964.2117761510365,
    1976.2867913503994,
    0.27218295793460956,
    0.2231814759564794,
    0.2984917959059072,
    0.22469304291663503,
    0.25044597372247723,
    0.20724800879285074,
    0.17461873059182548,
    0.1415869647112993,
    0.24897407794870663,
    0.16883998728691313,
    4.777431812141417,
    4.373396457343234,
    5.048316845902509,
    4.436701961813624,
    4.632822471504741,
    4.620543833438229,
    4.248064340119945,
    3.9277694466314843,
    5.172597044704132,
    4.224435161284873
  ],
  "wall_time_sec": 636.6228228099644
}