{
  "idx": 32,
  "T0": 2.0,
  "sigma": 1e-11,
  "n_iter": 250000,
  "thinning": 10,
  "final_mse": 2855.698323742168,
  "final_x": [
    1878.9172302966372,
    1890.1648346192294,
    1902.0004098879704,
    1913.5834300518256,
    1923.5832020160717,
    1933.666173219223,
    1944.0837329807694,
    1954.2484749919302,
    1964.7519448633973,
    1976.166676730483,
    0.2976108695973863,
    0.29520915538906395,
    0.2989889150170715,
    0.2932436421803866,
    0.2986271204480639,
    0.2902551568855786,
    0.28868722266821323,
    0.28025409265689016,
    0.29362177615327467,
    0.283269961175541,
    5.000102900368818,
    4.999346962003002,
    5.000727644931491,
    4.997978398427362,
    4.999112515471865,
    4.99961400632891,
    5.001629027263468,
    5.003089894384404,
    5.001493735377356,
    5.002281476304759
  ],
  "wall_time_sec": 637.3897299207747
}