{
  "idx": 28,
  "T0": 1.0,
  "sigma": 1e-07,
  "n_iter": 250000,
  "thinning": 10,
  "final_mse": 569.6232331191745,
  "final_x": [
    1878.4542972517131,
    1889.4725456061974,
    1901.797936412598,
    1913.2931334307207,
    1923.1809624069913,
    1933.6521906158732,
    1943.8045892783366,
    1954.1981778178406,
    1964.3252902422478,
    1976.1617358188169,
    0.26745371454807526,
    0.22691743374002377,
    0.27670911274445326,
    0.22585101696168794,
    0.2399469929659727,
    0.20297732310967004,
    0.18380018420801544,
    0.14367972828390696,
    0.24046721181771838,
    0.17431074156732054,
    4.727494450774119,
    4.432454303437378,
    4.761820883269661,
    4.459661096949361,
    4.493332073450453,
    4.555451060619006,
    4.419512251270385,
    3.974532752050435,
    5.022080343007051,
    4.334476463377895
  ],
  "wall_time_sec": 636.9902063012123
}