{
  "idx": 26,
  "T0": 1.0,
  "sigma": 1e-09,
  "n_iter": 250000,
  "thinning": 10,
  "final_mse": 1090.7160739614844,
  "final_x": [
    1878.8873959954078,
    1890.1201698616403,
    1902.0001371643393,
    1913.5263165518538,
    1923.5396675904344,
    1933.6187637357962,
    1943.990155673112,
    1954.064925569245,
    1964.7002387019704,
    1976.094944284514,
    0.28913788938359203,
    0.26897785769763916,
    0.2958539505148258,
    0.2589579677216407,
    0.27431984362668344,
    0.22671601166237676,
    0.2118357413754341,
    0.18582448344049252,
    0.2399346061334267,
    0.20555477836817804,
    4.971637405286843,
    4.941563148824781,
    4.993791363555506,
    4.935556041592153,
    4.945821250971883,
    4.961318538025626,
    4.907800532334555,
    4.8158061118940125,
    4.9968469942896,
    4.914647752567661
  ],
  "wall_time_sec": 634.5691111423075
}