{
  "idx": 43,
  "T0": 5.0,
  "sigma": 1e-08,
  "n_iter": 250000,
  "thinning": 10,
  "final_mse": 1025.4899613510515,
  "final_x": [
    0.2922009270324147,
    4.957759453184,
    0.26707228788694076,
    4.829884467838163,
    0.30534906186817473,
    4.985449713621194,
    0.26408903280914736,
    4.874894616234527,
    0.2646930286611835,
    4.889230033399501,
    0.2223078959963979,
    4.824651225667886,
    0.20282168865998915,
    4.726925411685709,
    0.1685349633797027,
    4.537046929105353,
    0.24095832085880584,
    4.941226566587079,
    0.197784646790391,
    4.791895405488295
  ],
  "wall_time_sec": 636.1155033819377
}