{
  "idx": 62,
  "T0": 10.0,
  "sigma": 9.999999999999999e-06,
  "n_iter": 250000,
  "thinning": 10,
  "final_mse": 577.2890030264643,
  "final_x": [
    1889.61722068208,
    1901.5206750794055,
    1913.2884430862282,
    1922.8561072281948,
    1933.5276957308167,
    1943.7339741518767,
    1954.2854651471807,
    1963.9808150316146,
    1976.367037797703,
    1987.7849948869539,
    0.25427730343434407,
    0.21726460363157185,
    0.2861338666123212,
    0.22057234472879464,
    0.26038385841086753,
    0.21236498899867515,
    0.1873975354421743,
    0.13997320383582326,
    0.2667080448368423,
    0.16349728123603985,
    4.504894861481624,
    4.2999183254015385,
    4.856273713266818,
    4.392932119950279,
    4.774492906778338,
    4.709783697847097,
    4.490163535941162,
    3.8926730439866106,
    5.439863300653885,
    4.132371762880417
  ],
  "wall_time_sec": 625.2604696787894
}