{
  "idx": 18,
  "T0": 0.5,
  "sigma": 1e-09,
  "n_iter": 250000,
  "thinning": 10,
  "final_mse": 1346.8722214968911,
  "final_x": [
    0.2874768132723388,
    4.997176372328803,
    0.26961619928036573,
    4.985635551376533,
    0.30527835938419107,
    4.999747073336126,
    0.2659366297683052,
    4.979157164042412,
    0.27632422755867686,
    5.015473990973763,
    0.2284961630088739,
    4.9881015016333095,
    0.21582008907367642,
    5.0102971565862156,
    0.19288903318158632,
    4.949488031395788,
    0.23943681030936034,
    4.980680492329025,
    0.20851437282918098,
    4.978146510603683
  ],
  "wall_time_sec": 620.8913868442178
}