{
  "idx": 4,
  "T0": 0.1,
  "sigma": 1e-07,
  "n_iter": 250000,
  "thinning": 10,
  "final_mse": 565.7658909153346,
  "final_x": [
    1889.4166173317872,
    1901.6324348757091,
    1913.5010200172385,
    1923.1356538829943,
    1933.6999958386602,
    1943.9488183299115,
    1954.273789899293,
    1964.211698164066,
    1976.279745823012,
    1986.6241096366284,
    0.2384234226448791,
    0.23089605377661,
    0.2852603380665362,
    0.21346097026505786,
    0.24295342928478936,
    0.20002414609344335,
    0.17689209451659654,
    0.13997831375281913,
    0.24713692599449483,
    0.16853007186740757,
    4.3079669119472115,
    4.496416231171906,
    4.880655157388114,
    4.26642421289293,
    4.540162576779526,
    4.501739559655665,
    4.2872877005619525,
    3.8926177764000696,
    5.134059162254845,
    4.219931905341577
  ],
  "wall_time_sec": 643.9744064807892
}