{
  "idx": 57,
  "T0": 10.0,
  "sigma": 1e-10,
  "n_iter": 250000,
  "thinning": 10,
  "final_mse": 2423.888820153823,
  "final_x": [
    1890.1706715660453,
    1901.9984683574176,
    1913.5714327109026,
    1923.581300516223,
    1933.665332078947,
    1944.0759895940198,
    1954.254884402406,
    1964.736118657171,
    1976.1633720831037,
    1986.6611525116568,
    0.2934458370051643,
    0.28735360050634384,
    0.2959793263352256,
    0.2912022889468539,
    0.295999727145902,
    0.2719407114133807,
    0.2692321206901871,
    0.2591053607345998,
    0.2875354735274065,
    0.2728766931242229,
    5.004369233116694,
    4.995070036423723,
    4.999425902844024,
    4.9863589539499875,
    5.001148903257772,
    4.999133817572038,
    5.001213475791245,
    4.99886952507374,
    5.01123184271602,
    5.0022527802791945
  ],
  "wall_time_sec": 644.8204906135798
}