{
  "idx": 29,
  "T0": 1.0,
  "sigma": 1e-06,
  "n_iter": 250000,
  "thinning": 10,
  "final_mse": 568.7268075727634,
  "final_x": [
    1889.1180852660004,
    1901.589478588167,
    1913.4748477712067,
    1923.1008800603881,
    1933.622350525945,
    1943.9260283001706,
    1954.2587969230467,
    1964.2917927363912,
    1976.3176841917189,
    1987.184207137464,
    0.23837802870988814,
    0.24893485744057897,
    0.28193969372257716,
    0.2145873844335215,
    0.24555634853872993,
    0.20313274229049588,
    0.17685215077323424,
    0.14073386938850935,
    0.2455555599780755,
    0.16641856377274766,
    4.302085151674792,
    4.7684165664554445,
    4.827069610953092,
    4.290802421190994,
    4.57075644649684,
    4.56175437163744,
    4.2912249678992485,
    3.9106947981901277,
    5.104182413284876,
    4.183632711785147
  ],
  "wall_time_sec": 645.1984430998564
}