{
  "idx": 5,
  "T0": 0.1,
  "sigma": 1e-06,
  "n_iter": 250000,
  "thinning": 10,
  "final_mse": 571.341150994085,
  "final_x": [
    1889.4885697863845,
    1901.7134383550342,
    1913.350119527126,
    1923.0729047166947,
    1933.619222948522,
    1943.8649810340626,
    1954.205196727809,
    1964.3271292032891,
    1976.209603750239,
    1986.6254284779932,
    0.24233616982522002,
    0.22639341714874617,
    0.2775373409310671,
    0.22289278344473004,
    0.24732115350133957,
    0.2044224936922515,
    0.18041839805694407,
    0.14358867040760417,
    0.23972785164521093,
    0.17247066396411367,
    4.36026488177965,
    4.439527326191672,
    4.783768576582809,
    4.414162718873576,
    4.604600746420266,
    4.584527256892968,
    4.357007899394551,
    3.975048935295484,
    5.007029894577732,
    4.293560276827091
  ],
  "wall_time_sec": 639.6007409021258
}