{
  "idx": 63,
  "T0": 10.0,
  "sigma": 0.0001,
  "n_iter": 250000,
  "thinning": 10,
  "final_mse": 589.5650016776726,
  "final_x": [
    1878.4356419222631,
    1888.9825180503447,
    1902.117122981484,
    1913.5500323738127,
    1923.0153616299158,
    1933.5912427760354,
    1943.9775073664769,
    1954.1388424341944,
    1964.2757298505603,
    1976.1164024611671,
    0.27722294088589255,
    0.2555166473971575,
    0.2728271843230096,
    0.20720096915061004,
    0.24659012914015396,
    0.21694165488263525,
    0.1764873898121706,
    0.1463993965290212,
    0.24168347643028334,
    0.17745571472948884,
    4.838177086813042,
    4.782897427706677,
    4.746358367927634,
    4.133919177234552,
    4.6354600728321085,
    4.757217885711121,
    4.246240711816357,
    3.9925336977216253,
    5.040407823348141,
    4.424948244005466
  ],
  "wall_time_sec": 624.884082775563
}