{
  "idx": 62,
  "T0": 10.0,
  "sigma": 9.999999999999999e-06,
  "n_iter": 250000,
  "thinning": 10,
  "final_mse": 596.3526149165218,
  "final_x": [
    0.23272911442127062,
    4.177549502995158,
    0.19287332658509418,
    3.8776757118544025,
    0.26316522628104805,
    4.547871905639936,
    0.20549480011088572,
    4.159117383142611,
    0.21876515684864353,
    4.151616227111155,
    0.20506566622493633,
    4.561083790772364,
    0.16979321242233597,
    4.151329301130448,
    0.14124667809957525,
    3.9108856799044616,
    0.2230344996916457,
    4.734248836647597,
    0.17484144509700122,
    4.330849268028325
  ],
  "wall_time_sec": 635.581329472363
}