{
  "idx": 0,
  "T0": 0.1,
  "sigma": 1e-11,
  "n_iter": 250000,
  "thinning": 10,
  "final_mse": 1377.1494696086684,
  "final_x": [
    1890.162739785895,
    1901.999961324439,
    1913.581230768532,
    1923.5799795464793,
    1933.6645172411368,
    1944.0785824650336,
    1954.2403657998257,
    1964.7481647379411,
    1976.163615616179,
    1986.6676264697824,
    0.29469808784058743,
    0.28239536571254137,
    0.29767379185741455,
    0.2733527235729679,
    0.286745737900386,
    0.23426063828607924,
    0.22021038129297124,
    0.19767359815356658,
    0.24701353935635903,
    0.2122750041338988,
    4.998476703441416,
    5.001873092960537,
    5.000771590656153,
    5.001632593695893,
    4.998600708817392,
    5.002371422977551,
    5.000311452083395,
    4.997845299635348,
    5.001785320248346,
    5.003054143888794
  ],
  "wall_time_sec": 624.1964158378541
}