{
  "idx": 61,
  "T0": 10.0,
  "sigma": 1e-06,
  "n_iter": 250000,
  "thinning": 10,
  "final_mse": 574.1086805509773,
  "final_x": [
    1878.3429460260836,
    1889.3314440909596,
    1901.69301065968,
    1913.263163496397,
    1922.6595947505157,
    1933.748700751265,
    1943.7106529393031,
    1954.2943263406944,
    1964.2547848647764,
    1976.267091130198,
    0.27114563270381653,
    0.23533384949303943,
    0.27705914390333664,
    0.2285933342549947,
    0.2751571880829675,
    0.19762840258603293,
    0.18958443089771657,
    0.13874581921932513,
    0.2403124373747922,
    0.16941875365493686,
    4.761682897979589,
    4.5750309897399095,
    4.757055883112178,
    4.525750356625627,
    5.019272937297691,
    4.458025533066109,
    4.525613825635671,
    3.8684178230382167,
    5.04090357568043,
    4.2301889879967165
  ],
  "wall_time_sec": 641.4524682089686
}