{
  "idx": 18,
  "T0": 0.5,
  "sigma": 1e-09,
  "n_iter": 250000,
  "thinning": 10,
  "final_mse": 954.5903484757403,
  "final_x": [
    1878.8786483189374,
    1890.0585477053303,
    1901.9499226617306,
    1913.5345436579432,
    1923.5230492726273,
    1933.6014475081165,
    1943.9086379845364,
    1953.9640612613587,
    1964.705027879131,
    1976.0349835208444,
    0.28728889520222545,
    0.2648377130748702,
    0.295332708711813,
    0.2573553019373046,
    0.2733957186608332,
    0.22479010754129852,
    0.20984510373536752,
    0.17801956640996816,
    0.23624585455103203,
    0.20331976212189692,
    4.958390184557949,
    4.90814840337986,
    4.99828697862513,
    4.907216401477154,
    4.934089111551587,
    4.928140846375341,
    4.8823145905297665,
    4.681711667506785,
    4.94772992805095,
    4.873035825242729
  ],
  "wall_time_sec": 618.8980340622365
}