{
  "idx": 35,
  "T0": 2.0,
  "sigma": 1e-08,
  "n_iter": 250000,
  "thinning": 10,
  "final_mse": 1047.4859830411904,
  "final_x": [
    0.2852817426752023,
    4.988009744245741,
    0.27107667252757456,
    4.98326817838399,
    0.27971738421647735,
    4.862437101055369,
    0.2649371153079617,
    4.949467958061391,
    0.2685978439901716,
    4.876980498582995,
    0.22425718252859134,
    4.888169143785496,
    0.20225060040603163,
    4.746158075636841,
    0.16978159200949755,
    4.525428528393859,
    0.23731964047690923,
    5.039135499793782,
    0.1982181386241947,
    4.78729711431401
  ],
  "wall_time_sec": 628.8533944748342
}