{
  "idx": 36,
  "T0": 2.0,
  "sigma": 1e-07,
  "n_iter": 250000,
  "thinning": 10,
  "final_mse": 581.9429470196529,
  "final_x": [
    1889.514152697005,
    1901.8119007982027,
    1913.3869894999507,
    1923.172938144727,
    1933.4704086689408,
    1943.850271875758,
    1954.1175796869816,
    1964.532948315492,
    1976.1235848845542,
    1986.6123858641026,
    0.25241301390586557,
    0.22475881072788556,
    0.2692657459776362,
    0.22143695990926207,
    0.23938338109229534,
    0.21273485681440957,
    0.18170128408792227,
    0.14704739741197087,
    0.22890758285769452,
    0.17636426148354375,
    4.49695194780995,
    4.400566829917752,
    4.667576906170678,
    4.386502191489141,
    4.491344701985923,
    4.726306341532238,
    4.3802011362088225,
    4.048326808852173,
    4.8210104803584315,
    4.3772708713914525
  ],
  "wall_time_sec": 644.548483338207
}