{
  "idx": 5,
  "T0": 0.1,
  "sigma": 1e-06,
  "n_iter": 250000,
  "thinning": 10,
  "final_mse": 602.4295698750977,
  "final_x": [
    0.24332414287419096,
    4.306439477009123,
    0.18919405409702802,
    3.8354510883339303,
    0.27123141460843414,
    4.665966048517482,
    0.20772836754841903,
    4.267548754046614,
    0.21527013696063055,
    4.109249813487875,
    0.20381647756767915,
    4.556005927647515,
    0.16912110435888528,
    4.154380929283879,
    0.1402711605897926,
    3.92936460199026,
    0.22716216304981351,
    4.691797890833791,
    0.17506128341121874,
    4.367467220581236
  ],
  "wall_time_sec": 609.9735446833074
}