{
  "idx": 58,
  "T0": 10.0,
  "sigma": 1e-09,
  "n_iter": 250000,
  "thinning": 10,
  "final_mse": 1320.9277313804296,
  "final_x": [
    1878.9170247016525,
    1890.150483157347,
    1901.9999319072192,
    1913.5839737093409,
    1923.5930557737977,
    1933.6629508405902,
    1944.052531567643,
    1954.2052559919887,
    1964.751904887402,
    1976.1495163858312,
    0.2888070724113951,
    0.27328841031781953,
    0.2999589277988232,
    0.26548633379485004,
    0.280623993561886,
    0.22945144899219552,
    0.21634316101572662,
    0.19539241404802593,
    0.240242255618525,
    0.2120781092611078,
    4.973482998986119,
    4.980738697921344,
    5.0289947862163755,
    4.9856276341214665,
    5.006342172084647,
    5.0047989311400105,
    4.979667058804202,
    4.972084734865353,
    5.001011708162503,
    5.012571090453762
  ],
  "wall_time_sec": 635.2952679172158
}