{
  "idx": 34,
  "T0": 2.0,
  "sigma": 1e-09,
  "n_iter": 250000,
  "thinning": 10,
  "final_mse": 1166.0871817342113,
  "final_x": [
    1878.884882410414,
    1890.1011905639177,
    1901.9807540043391,
    1913.5708467008403,
    1923.5457799655042,
    1933.6358360001204,
    1944.0267372891449,
    1954.1038057886788,
    1964.7368497329596,
    1976.1151650410648,
    0.29067850664889117,
    0.27200381612809477,
    0.29500730795284363,
    0.2627642400364594,
    0.2781536398465257,
    0.22745349104296364,
    0.21486473362067754,
    0.1879790882719547,
    0.2399922264175426,
    0.20756231146321788,
    4.993896834575761,
    4.983280249851346,
    4.987156054217924,
    4.955457521212042,
    4.985254899239183,
    4.969616964152832,
    4.958046894045267,
    4.854947380403355,
    4.9986635898574034,
    4.944597643983376
  ],
  "wall_time_sec": 637.7444461099803
}