{
  "idx": 6,
  "T0": 0.1,
  "sigma": 9.999999999999999e-06,
  "n_iter": 250000,
  "thinning": 10,
  "final_mse": 606.139528221154,
  "final_x": [
    1878.6347110078752,
    1889.5797692542717,
    1901.8362181766531,
    1913.2536362867966,
    1923.199365674714,
    1933.4168599366985,
    1943.7342953605123,
    1953.9044023525387,
    1964.417506076916,
    1975.9152231176681,
    0.26916830198016073,
    0.239657155985721,
    0.27830723659571344,
    0.23060271320217107,
    0.25350734207037673,
    0.21584336816952823,
    0.18750641681448246,
    0.156659522888779,
    0.23477300541601576,
    0.18726383394176851,
    4.747098163646662,
    4.624586520279738,
    4.793961580699647,
    4.54332981036232,
    4.70819987179839,
    4.788636507452756,
    4.495052775070524,
    4.276488868079061,
    4.929270909340624,
    4.584849440483746
  ],
  "wall_time_sec": 625.3658733256161
}