{
  "idx": 24,
  "T0": 1.0,
  "sigma": 1e-11,
  "n_iter": 250000,
  "thinning": 10,
  "final_mse": 2621.9938769936953,
  "final_x": [
    1878.9143915708846,
    1890.165732067,
    1901.999880190387,
    1913.5823619560063,
    1923.5848881579834,
    1933.6672351869845,
    1944.0837179650646,
    1954.249388991582,
    1964.7487525742636,
    1976.169693904043,
    0.29864265311114935,
    0.29542560227159365,
    0.2996730358014657,
    0.29205472337052074,
    0.2967436875222044,
    0.28333366175937813,
    0.27865117847650794,
    0.26877755584820673,
    0.2861233558729852,
    0.2762010090940969,
    4.998091312724785,
    5.000730364926429,
    5.000085800493758,
    5.0012057380341295,
    5.000606921310906,
    5.00007913461971,
    4.999957955369092,
    5.000744395066107,
    4.998931378492062,
    5.0003415706164756
  ],
  "wall_time_sec": 635.9179708361626
}