{
  "idx": 44,
  "T0": 5.0,
  "sigma": 1e-07,
  "n_iter": 250000,
  "thinning": 10,
  "final_mse": 606.9689432995308,
  "final_x": [
    1878.4279937860185,
    1889.4718192661096,
    1901.9107533360093,
    1913.2399479794617,
    1923.3151065035754,
    1933.4009887999434,
    1943.7080119123639,
    1953.8869823545765,
    1964.747078867753,
    1975.9012472384939,
    0.2722774719985561,
    0.2354105165041817,
    0.27611122833073515,
    0.22952089206373052,
    0.24012133662630672,
    0.21589809516594685,
    0.19008213910564942,
    0.15816075035412402,
    0.21670704129381602,
    0.1869448498254539,
    4.78561680324874,
    4.564866094014979,
    4.7555737423989095,
    4.520805547580647,
    4.491106818005896,
    4.780373727361557,
    4.546526744428443,
    4.289876718080496,
    4.612515607060709,
    4.585519340712608
  ],
  "wall_time_sec": 638.5875787436962
}