{
  "idx": 17,
  "T0": 0.5,
  "sigma": 1e-10,
  "n_iter": 250000,
  "thinning": 10,
  "final_mse": 1304.3336488972268,
  "final_x": [
    1890.1528778788006,
    1901.9942442751465,
    1913.568301972775,
    1923.5730930695418,
    1933.6621345358192,
    1944.0564095686289,
    1954.204924457897,
    1964.7440066478941,
    1976.1527803690594,
    1986.669669461564,
    0.2903338799913604,
    0.2731721614068549,
    0.2953459733987686,
    0.2646017516805491,
    0.27867156463923815,
    0.2295699985797635,
    0.21681952755235426,
    0.1948062374931748,
    0.23965493024879903,
    0.20990214539690696,
    4.9876080778633325,
    4.992409316497514,
    4.99480397374655,
    4.998762595426527,
    4.990893443238782,
    5.00340632500703,
    4.982647851823172,
    4.956791186227536,
    4.996154542302372,
    4.976920888205217
  ],
  "wall_time_sec": 648.4290827065706
}