{
  "idx": 52,
  "T0": 8.0,
  "sigma": 1e-07,
  "n_iter": 250000,
  "thinning": 10,
  "final_mse": 623.0146157225813,
  "final_x": [
    0.261795334980208,
    4.635907620468816,
    0.21490279919592747,
    4.177813034067365,
    0.2885761856330866,
    4.9052583642867305,
    0.22117988320947657,
    4.309907460369651,
    0.22623704525425103,
    4.289513604402907,
    0.2026490764364441,
    4.569661227601862,
    0.17599807989896157,
    4.240933066478207,
    0.14384731170004897,
    3.963000730236555,
    0.2225349408249167,
    4.70910580568076,
    0.17079030994325528,
    4.276439792014202
  ],
  "wall_time_sec": 617.381414886564
}