{
  "idx": 27,
  "T0": 1.0,
  "sigma": 1e-08,
  "n_iter": 250000,
  "thinning": 10,
  "final_mse": 635.8235089591433,
  "final_x": [
    1889.7018217222885,
    1901.8444977526149,
    1913.3004698159873,
    1923.2777630154978,
    1933.5072815298286,
    1943.7048102081599,
    1953.8555113723266,
    1964.552790101658,
    1975.9210254491672,
    1986.6273709662344,
    0.26659426413554277,
    0.24014079209279066,
    0.2911714657974796,
    0.2375240169797539,
    0.25743976200903185,
    0.21362096530922667,
    0.19155139108240085,
    0.15971272701311,
    0.2318729471729159,
    0.18702373545058737,
    4.684153510686044,
    4.623566482341843,
    4.955676610788098,
    4.638392330666169,
    4.750147824192045,
    4.744808646957268,
    4.567347112253344,
    4.322726176675402,
    4.873979179951171,
    4.585533544520857
  ],
  "wall_time_sec": 634.2055171243846
}