{
  "idx": 29,
  "T0": 1.0,
  "sigma": 1e-06,
  "n_iter": 250000,
  "thinning": 10,
  "final_mse": 608.8653811104344,
  "final_x": [
    0.2448661929864742,
    4.430915938168977,
    0.18184275696604724,
    3.6853677812002625,
    0.25801229929434477,
    4.533818011676737,
    0.19629834011727945,
    4.05763017118619,
    0.2077383448758069,
    3.9856420182744787,
    0.20449579963004608,
    4.55584338437782,
    0.17517682361320364,
    4.2538311705397005,
    0.1415020826272871,
    3.9529213059792814,
    0.21272411124600316,
    4.621082694021473,
    0.17637679788413854,
    4.400091609397904
  ],
  "wall_time_sec": 633.2935640029609
}