{
  "idx": 19,
  "T0": 0.5,
  "sigma": 1e-08,
  "n_iter": 250000,
  "thinning": 10,
  "final_mse": 1006.590775432652,
  "final_x": [
    0.2828807635478145,
    4.918910234404152,
    0.26317696714681554,
    4.855041261005984,
    0.29384836334870684,
    4.992823838172617,
    0.2597060173704244,
    4.838633256982508,
    0.2622351204522504,
    4.741338686135911,
    0.226290606095375,
    4.994076469134091,
    0.2015089654780163,
    4.735288841881097,
    0.17252533427522473,
    4.519619925910365,
    0.23856351091780098,
    4.956829711013645,
    0.19613854014385548,
    4.758329198166772
  ],
  "wall_time_sec": 617.4701525233686
}