{
  "idx": 15,
  "T0": 0.2,
  "sigma": 0.0001,
  "n_iter": 250000,
  "thinning": 10,
  "final_mse": 677.721742586106,
  "final_x": [
    1889.7760837822498,
    1902.0667566105585,
    1913.3816808070276,
    1923.180198157822,
    1933.5765444207432,
    1943.6139216341946,
    1953.8670201348734,
    1964.448106837903,
    1975.849777084096,
    1986.4683553266893,
    0.2695458158996542,
    0.24471986428925577,
    0.29355310265982415,
    0.24095608785199057,
    0.2698021580132974,
    0.21482235800256586,
    0.19326033947833474,
    0.15987799758764096,
    0.23788732771023505,
    0.1925722428798163,
    4.806915611424378,
    4.6316773240431095,
    5.023950809177733,
    4.714558837665076,
    4.957248396775001,
    4.774927707701536,
    4.59237115950696,
    4.2842821849738755,
    5.018727757594005,
    4.665703743086153
  ],
  "wall_time_sec": 642.235115095973
}