{
  "idx": 41,
  "T0": 5.0,
  "sigma": 1e-10,
  "n_iter": 250000,
  "thinning": 10,
  "final_mse": 1785.6559457632777,
  "final_x": [
    1878.9179575353708,
    1890.1747390374708,
    1901.9991430525452,
    1913.5796940926077,
    1923.578900197927,
    1933.6702607278344,
    1944.0819479521729,
    1954.2477222172768,
    1964.7454968275754,
    1976.1668333957855,
    0.30129730256122833,
    0.28471086121303735,
    0.29599074025549144,
    0.28172485575474465,
    0.2882321030891904,
    0.26639447119478027,
    0.2509105548225404,
    0.2197660702663236,
    0.27631254862650206,
    0.2401704536502572,
    5.007873096548392,
    5.004040431329569,
    4.998024584675446,
    5.004876743036789,
    5.010439537737264,
    4.997350265271708,
    4.992131419861174,
    5.005568063576848,
    5.002098082320271,
    5.010763392947537
  ],
  "wall_time_sec": 637.5811569131911
}