{
  "idx": 35,
  "T0": 2.0,
  "sigma": 1e-08,
  "n_iter": 250000,
  "thinning": 10,
  "final_mse": 709.8700606502637,
  "final_x": [
    1878.7346204718913,
    1889.869788545994,
    1901.8985480289502,
    1913.4122735354895,
    1923.4003554299513,
    1933.5390165247509,
    1943.780924223954,
    1953.8240980623411,
    1964.6465319728566,
    1975.9454734350059,
    0.28376770604037904,
    0.24817484425551387,
    0.29157147651781634,
    0.24840817904813867,
    0.26917568714793055,
    0.2185875623246157,
    0.19480657660483625,
    0.1652537347562093,
    0.23030324830612445,
    0.1919934020965605,
    4.930468693721361,
    4.726408307142312,
    4.956654182169048,
    4.791040615051149,
    4.887875583919397,
    4.825733802450501,
    4.6269266375673315,
    4.431579556187478,
    4.846438117856704,
    4.677435917182908
  ],
  "wall_time_sec": 636.8894347772002
}