{
  "idx": 9,
  "T0": 0.2,
  "sigma": 1e-10,
  "n_iter": 250000,
  "thinning": 10,
  "final_mse": 1239.9495685242491,
  "final_x": [
    1890.130447576937,
    1901.9844317160555,
    1913.564997313228,
    1923.5495852311558,
    1933.6449985808551,
    1944.0319023053003,
    1954.169162970698,
    1964.734119778195,
    1976.1287416217033,
    1986.6675146582106,
    0.29009562809547546,
    0.2718770744709497,
    0.29386848398610066,
    0.26345154657501957,
    0.27820105451929633,
    0.22846532092431954,
    0.21514181760859594,
    0.19246638063121246,
    0.24004156208831817,
    0.20903485849861134,
    4.989560173322233,
    4.979754965789848,
    4.994654288699266,
    4.980483929985626,
    4.985885385133041,
    4.989610041550647,
    4.956026465908351,
    4.9221939591392125,
    4.993053122445999,
    4.9651465332902704
  ],
  "wall_time_sec": 641.1132738888264
}